"","id","debit"
"1",1709,0
"2",6998,610119
"3",6997,1110001
"4",6996,889914
"5",6971,1132845
"6",6961,0
"7",6960,0
"8",6959,0
"9",6957,0
"10",6956,0
"11",6955,0
"12",6953,0
"13",6952,0
"14",6951,0
"15",6949,0
"16",6948,0
"17",6947,0
"18",6945,0
"19",6944,0
"20",6943,0
"21",6942,0
"22",6941,0
"23",6939,0
"24",6938,0
"25",6936,0
"26",6935,0
"27",6933,0
"28",6931,0
"29",6929,0
"30",6928,0
"31",6927,0
"32",6925,0
"33",6924,0
"34",6923,0
"35",6921,0
"36",6920,0
"37",6919,0
"38",6851,0
"39",6849,0
"40",6848,0
"41",6847,0
"42",6861,0
"43",6859,0
"44",6831,0
"45",6824,0
"46",6821,12950225
"47",6819,0
"48",6816,0
"49",6815,24635301
"50",6813,12561727
"51",6811,8261147
"52",6800,12950225
"53",6799,736174
"54",6798,14299407
"55",6790,6861612
"56",6789,6861612
"57",6787,6861612
"58",6672,9603088
"59",6655,3349748
"60",6654,0
"61",6653,12600050
"62",6648,6973078
"63",6645,0
"64",6644,6973078
"65",6643,8578503
"66",6641,6282570
"67",6640,5812132
"68",6639,8131402
"69",6637,8131402
"70",6635,8131402
"71",6634,8275008
"72",6633,8131402
"73",6632,6668112
"74",6629,5155238
"75",6628,7413649
"76",6627,1806382
"77",6625,1806382
"78",6624,6803615
"79",6623,1806382
"80",6614,1806382
"81",6613,6122003
"82",6597,5462520
"83",6596,5462402
"84",6595,900076
"85",6594,18971591
"86",6593,7131456
"87",6592,18971591
"88",6591,5299937
"89",6590,21672369
"90",6589,5299937
"91",6587,16848519
"92",6585,14761678
"93",6584,12378216
"94",6571,0
"95",6568,12432577
"96",6559,6695544
"97",6530,9596862
"98",6529,8275008
"99",6500,14761678
"100",6499,12378216
"101",6477,6102939
"102",6236,20791253
"103",6173,0
"104",6143,17044319
"105",6142,15435198
"106",6071,18425606
"107",6029,0
"108",6024,7137967
"109",5984,6530846
"110",5925,0
"111",5924,5004553
"112",5923,0
"113",5922,5004553
"114",5915,5389510
"115",5913,12072548
"116",5766,0
"117",5765,6972635
"118",5764,0
"119",5763,0
"120",5762,0
"121",5760,0
"122",5736,8261147
"123",5523,6483197
"124",5520,0
"125",5519,6483197
"126",5109,0
"127",5108,6483197
"128",4963,6165571
"129",4961,6122003
"130",4835,0
"131",4834,0
"132",4832,0
"133",4831,5604584
"134",4830,5604584
"135",4773,0
"136",4772,0
"137",4759,0
"138",4757,0
"139",4752,0
"140",4751,0
"141",4612,15223653
"142",4610,12600050
"143",4531,0
"144",4529,10073011
"145",4527,0
"146",4525,5004553
"147",4450,0
"148",4449,0
"149",4448,0
"150",4446,7249972
"151",4347,11334089
"152",4341,11334194
"153",1464,0
"154",4870,0
"155",1396,5812132
"156",1376,5812132
"157",1375,6282570
"158",1360,0
"159",1329,285571
"160",1328,8578503
"161",838,0
"162",687,6102939
"163",686,1046145
"164",671,6483197
"165",670,0
"166",668,15231395
"167",656,13152372
"168",616,4523069
"169",615,5242915
"170",614,4523069
"171",613,5242915
"172",276,0
"173",268,12513975
"174",6583,14761678
"175",267,8027340
"176",6796,24590358
"177",6795,0
"178",6792,25912681
"179",6757,40293498
"180",6756,0
"181",6731,0
"182",6724,0
"183",6723,0
"184",6719,0
"185",6717,0
"186",6715,145666
"187",6714,0
"188",6712,0
"189",275,0
"190",6711,5031322
"191",6709,7644709
"192",6688,7108344
"193",6609,24551705
"194",6608,0
"195",6607,0
"196",6605,0
"197",6600,2735385
"198",6576,28188456
"199",6575,9097309
"200",6560,11766060
"201",6557,25531874
"202",6555,31773789
"203",6543,19334888
"204",6536,19480257
"205",6533,0
"206",6532,9319170
"207",6528,1445300
"208",6527,1445300
"209",6526,1445300
"210",6525,0
"211",6523,889914
"212",6522,889914
"213",6520,0
"214",6519,1445300
"215",6517,0
"216",6516,0
"217",6514,0
"218",6512,0
"219",6511,0
"220",6508,0
"221",6505,14761678
"222",6504,23044886
"223",6503,23044886
"224",6498,15512205
"225",6497,2548325
"226",6493,5849361
"227",6491,5849361
"228",6487,0
"229",6480,2457698
"230",6479,2457698
"231",6478,2457698
"232",6469,13491384
"233",6464,6660643
"234",6463,6660643
"235",6461,17237797
"236",6453,18452810
"237",6452,17237797
"238",6451,17237797
"239",6447,23200889
"240",6445,23200889
"241",6443,23200889
"242",6440,9056893
"243",6439,1124629
"244",6437,1124629
"245",6436,0
"246",6435,0
"247",6434,6709918
"248",6432,41829628
"249",6431,6709918
"250",6430,0
"251",6427,2325189
"252",6426,0
"253",6423,23200889
"254",6420,11721911
"255",6419,11696884
"256",6418,2819202
"257",6416,9239982
"258",6415,1390290
"259",6414,9239982
"260",6413,1390290
"261",6411,12287383
"262",6408,0
"263",6405,8224318
"264",6404,8326759
"265",6403,8224318
"266",6401,0
"267",6400,11604290
"268",6399,1525266
"269",6397,8666858
"270",6395,8666858
"271",6394,7875576
"272",6393,8666858
"273",6390,51354134
"274",6389,51354134
"275",6377,0
"276",6376,0
"277",6373,8326583
"278",6372,0
"279",6367,20277628
"280",6366,13504654
"281",6361,7644709
"282",6359,10196071
"283",6319,13037181
"284",6317,13037181
"285",6304,13037181
"286",6303,16555359
"287",6299,31773184
"288",6296,1301
"289",6295,1301
"290",6285,24551051
"291",6283,16555359
"292",6281,14005456
"293",6280,11607924
"294",6277,16169424
"295",6276,11607924
"296",6272,20277628
"297",6271,13828039
"298",6268,14950683
"299",6267,13504654
"300",6265,0
"301",6261,2902994
"302",6247,3864448
"303",6245,19752586
"304",6240,20809240
"305",6239,45905716
"306",1738,0
"307",6238,13723005
"308",6237,13723005
"309",6231,0
"310",6221,0
"311",6216,4762097
"312",6215,3861441
"313",6208,336
"314",6207,2369120
"315",6205,0
"316",6195,8666631
"317",6188,39883400
"318",6185,10682131
"319",6168,0
"320",6167,2630902
"321",6161,21121863
"322",6159,0
"323",6157,0
"324",6156,556316
"325",6153,53824203
"326",6151,0
"327",6140,0
"328",6139,0
"329",6138,0
"330",6125,10295088
"331",6124,0
"332",6123,24510821
"333",1708,0
"334",6118,22661012
"335",6116,0
"336",6115,0
"337",1707,0
"338",6114,0
"339",898,5389510
"340",6113,0
"341",6112,0
"342",6111,0
"343",6110,0
"344",6109,0
"345",6107,0
"346",6106,58773555
"347",897,12072548
"348",6105,114726623
"349",6102,0
"350",6100,0
"351",6099,0
"352",6098,23489976
"353",6096,17235281
"354",6093,0
"355",6091,668109
"356",6088,1070309
"357",1700,0
"358",6086,0
"359",6072,13723005
"360",6056,0
"361",6053,0
"362",6045,13827861
"363",6043,16677273
"364",6040,13069139
"365",6027,0
"366",6021,14979534
"367",6020,3487870
"368",6019,21556238
"369",6016,24870188
"370",6015,21556238
"371",6014,24870188
"372",465,6505137
"373",6012,0
"374",6011,0
"375",6010,0
"376",6008,110960
"377",5944,11434672
"378",5943,13158343
"379",5942,11434672
"380",5941,13158343
"381",5940,11434672
"382",5939,13158343
"383",5938,11434672
"384",5936,16068702
"385",5935,18481984
"386",5934,16068702
"387",5933,18481984
"388",5931,68106498
"389",5930,0
"390",5918,13664823
"391",5909,0
"392",5908,1020630
"393",5904,0
"394",5903,0
"395",5901,0
"396",5899,4220414
"397",5891,0
"398",5883,7414653
"399",5879,7441747
"400",5877,9525471
"401",5875,0
"402",5872,10316102
"403",5871,3296703
"404",5869,6709910
"405",5867,11050102
"406",5853,13643420
"407",5851,13643420
"408",5847,0
"409",5824,0
"410",5823,0
"411",5813,10648903
"412",5812,10660559
"413",5811,10648903
"414",5809,10648903
"415",5808,10660559
"416",5807,10648903
"417",5805,10648903
"418",5801,3068421
"419",5800,247373
"420",5797,3068421
"421",5789,1762266
"422",5787,1762266
"423",5786,14761678
"424",5784,1446196
"425",5783,26580
"426",5782,15058089
"427",5781,26580
"428",5780,13629028
"429",5779,13431567
"430",5778,13629028
"431",5776,13629028
"432",5775,13431567
"433",5774,11397260
"434",5773,11041309
"435",5759,8593949
"436",5758,0
"437",5743,34988883
"438",5733,0
"439",5732,0
"440",5731,0
"441",5728,0
"442",5727,8491206
"443",5725,8491206
"444",5723,8477578
"445",5719,10408374
"446",5718,8477578
"447",5717,10408374
"448",5715,163490
"449",5714,8189317
"450",5679,163490
"451",5677,163490
"452",5675,163490
"453",5672,163490
"454",5664,12740216
"455",5663,10831396
"456",5661,10831396
"457",5659,10831396
"458",5656,5957867
"459",5655,10831396
"460",5653,0
"461",5652,0
"462",5651,0
"463",5649,0
"464",5648,0
"465",5647,0
"466",5645,0
"467",5643,0
"468",5641,8583625
"469",5640,0
"470",5632,15995031
"471",5631,27032338
"472",5629,27032338
"473",5628,15995031
"474",5627,27032338
"475",837,0
"476",5625,21527141
"477",5624,15995031
"478",5623,21527141
"479",5621,21527141
"480",5620,15995031
"481",5619,21527141
"482",5616,15995031
"483",5615,23142294
"484",5608,0
"485",5605,0
"486",5604,0
"487",5603,0
"488",5600,0
"489",5599,10906276
"490",5597,10906276
"491",5595,10906276
"492",5593,0
"493",5591,191951
"494",5589,0
"495",5588,7068590
"496",5587,13997331
"497",5585,1121375
"498",5584,1121375
"499",5583,1121375
"500",5582,1121375
"501",5581,1121375
"502",5579,11430517
"503",5571,3744887
"504",5568,0
"505",5567,18473150
"506",5563,0
"507",5560,0
"508",5559,0
"509",5557,0
"510",5555,0
"511",5553,0
"512",5552,188510
"513",5551,0
"514",5549,23825341
"515",5539,24018547
"516",5536,16307181
"517",5535,22111216
"518",5533,19144502
"519",5532,2822245
"520",5531,19144502
"521",5528,2822245
"522",5517,8662631
"523",5512,18856675
"524",5509,0
"525",5508,0
"526",5507,0
"527",5504,0
"528",5503,26440571
"529",5501,0
"530",5499,0
"531",5498,13571427
"532",5496,0
"533",5495,0
"534",5494,35378867
"535",5493,0
"536",5492,37993290
"537",5483,-44340
"538",5482,8351207
"539",5480,29596059
"540",5477,23401792
"541",5476,22403878
"542",5475,0
"543",5472,32057513
"544",5471,0
"545",5469,0
"546",5467,0
"547",5466,0
"548",5465,37519810
"549",5463,0
"550",5462,0
"551",5461,43640304
"552",5460,0
"553",5459,31923411
"554",1543,0
"555",5458,36185211
"556",5457,41083169
"557",5456,148257687
"558",5455,151048507
"559",1542,6973078
"560",5454,0
"561",5453,0
"562",5451,0
"563",5448,0
"564",5445,0
"565",5444,0
"566",5443,0
"567",5442,0
"568",5440,145203716
"569",5439,150234546
"570",5435,143268910
"571",5432,129402475
"572",5431,132177944
"573",5429,0
"574",5428,0
"575",5427,0
"576",5424,0
"577",5423,0
"578",5421,135370471
"579",5419,103498257
"580",5417,139621412
"581",5416,150677288
"582",5413,126059021
"583",5412,125330264
"584",5411,137747850
"585",5409,147719034
"586",5408,145995768
"587",5407,141361703
"588",5406,160349335
"589",5405,161766145
"590",5401,21268171
"591",5396,0
"592",5395,157757349
"593",5392,139435563
"594",5391,128618029
"595",5389,118743682
"596",5388,131811444
"597",5387,143225729
"598",5386,129139631
"599",5384,139518854
"600",5382,115896227
"601",5381,131545296
"602",5380,113140330
"603",5379,152816489
"604",5378,98255643
"605",5377,86638740
"606",5376,101150938
"607",5375,106931094
"608",5370,177166999
"609",5369,111731546
"610",5368,114719783
"611",5367,121308745
"612",5366,142228953
"613",5365,149723971
"614",5364,124602784
"615",5363,139985650
"616",5361,121816844
"617",5360,154710358
"618",5359,0
"619",5357,0
"620",5355,137741979
"621",5353,154816172
"622",5352,0
"623",5347,0
"624",5343,104918901
"625",5341,0
"626",5339,0
"627",5335,152270516
"628",5334,115604738
"629",5333,150902679
"630",5332,129524819
"631",5331,147462310
"632",5330,165721512
"633",5328,167949930
"634",5327,165956640
"635",5326,144361598
"636",5325,146758076
"637",5323,38712664
"638",5322,108097700
"639",5320,18114691
"640",5317,107885293
"641",5316,18011319
"642",5315,57158065
"643",5312,69626232
"644",5310,89114754
"645",5302,59559949
"646",5301,77139350
"647",5300,0
"648",5299,139142237
"649",5296,0
"650",5295,0
"651",5294,0
"652",5293,5671323
"653",5292,17121402
"654",5291,8583281
"655",5285,8531062
"656",5284,6086439
"657",5283,6086439
"658",5279,147828649
"659",5277,127759299
"660",5275,137848229
"661",5272,0
"662",5271,0
"663",5269,0
"664",5268,0
"665",5267,0
"666",5264,71596578
"667",5262,0
"668",5261,0
"669",5259,25958225
"670",5258,26530491
"671",5257,26530491
"672",5256,559497
"673",5254,12012742
"674",5252,559497
"675",5251,1929376
"676",5247,0
"677",5246,0
"678",5245,0
"679",5243,12309612
"680",5242,9596110
"681",5236,79657790
"682",5232,111237967
"683",5224,14248045
"684",5221,15168084
"685",5220,14248045
"686",5219,0
"687",5216,15168084
"688",5215,128164664
"689",5213,7694545
"690",5211,19652386
"691",5208,122955492
"692",5207,122142347
"693",5205,126786615
"694",5204,0
"695",5203,0
"696",5200,0
"697",5197,0
"698",5195,0
"699",5192,0
"700",5189,0
"701",5187,130252195
"702",5184,95389893
"703",5183,127479642
"704",5179,0
"705",5177,0
"706",5176,102011131
"707",5175,99503396
"708",5173,94924009
"709",5172,0
"710",5170,0
"711",5169,92057055
"712",5168,0
"713",5167,0
"714",5165,0
"715",5163,0
"716",5162,0
"717",5161,0
"718",5160,0
"719",5158,0
"720",5157,0
"721",5156,0
"722",5155,0
"723",5145,11991560
"724",5144,0
"725",5141,15345698
"726",5139,8662442
"727",5137,8662442
"728",5135,15345698
"729",5131,7706006
"730",5124,15345698
"731",5120,42938773
"732",5115,7477456
"733",5112,1028167
"734",5111,9335632
"735",5107,16630384
"736",5105,0
"737",5104,16630384
"738",5103,17370512
"739",5101,0
"740",5099,0
"741",5096,0
"742",5093,0
"743",5092,17707016
"744",5091,8553596
"745",5088,0
"746",5087,16630384
"747",5071,15165580
"748",5067,17710830
"749",5065,21385368
"750",5064,15680161
"751",5061,14729739
"752",5060,15680161
"753",5059,14729739
"754",5055,27262636
"755",5051,0
"756",5048,11744828
"757",5047,0
"758",5046,11744828
"759",5045,0
"760",5042,0
"761",5041,1463044
"762",5040,9300889
"763",5039,9300889
"764",5038,10174973
"765",5037,10174973
"766",5035,19751985
"767",5034,19751985
"768",5029,22641897
"769",5028,21874921
"770",5027,21874921
"771",5025,22660476
"772",5024,4220937
"773",5023,4153511
"774",5021,16849909
"775",5019,12411742
"776",5016,9050185
"777",5015,0
"778",5013,16849909
"779",5012,256996
"780",5011,4153511
"781",5009,9050185
"782",5003,10078192
"783",5001,0
"784",4997,0
"785",4996,0
"786",4992,0
"787",4991,9579908
"788",4989,3652229
"789",4987,6083716
"790",4984,6083716
"791",1353,13099574
"792",5212,0
"793",415,0
"794",4184,53795831
"795",6232,23490113
"796",39,32026452
"797",4658,0
"798",1343,14983378
"799",4144,0
"800",1340,11857458
"801",38,32026452
"802",4066,176460
"803",1264,0
"804",1242,0
"805",1240,34027550
"806",1231,33787038
"807",1224,23141980
"808",1220,10292897
"809",1212,11120581
"810",1201,10088129
"811",1200,0
"812",1180,4492604
"813",1175,0
"814",1174,4492604
"815",1172,0
"816",1156,11211186
"817",1154,11211186
"818",1150,0
"819",1148,11211186
"820",1146,0
"821",1144,0
"822",1142,13702381
"823",1140,0
"824",1138,0
"825",1135,9228712
"826",1134,10941336
"827",1128,0
"828",1120,13997133
"829",1112,146098
"830",1111,6722392
"831",4957,15381818
"832",1110,146098
"833",4953,1769323
"834",1108,0
"835",1106,0
"836",1104,0
"837",1083,0
"838",4845,1463044
"839",1081,0
"840",347,5982786
"841",4837,7815986
"842",1079,0
"843",4829,8397780
"844",1076,0
"845",1072,6913656
"846",1068,0
"847",1064,9119378
"848",1063,10088129
"849",31,44289726
"850",1060,9119378
"851",1058,9119378
"852",1057,10088129
"853",1056,10607101
"854",1055,8075847
"855",1054,10607101
"856",1052,10607101
"857",1051,8075847
"858",4717,7277576
"859",1050,10607101
"860",1049,8075847
"861",339,21784545
"862",4709,43758499
"863",1048,10607101
"864",1047,8075847
"865",4701,7090568
"866",1044,19340790
"867",4689,10216538
"868",1041,13918480
"869",4677,0
"870",1040,11987760
"871",4673,0
"872",1039,13918480
"873",1038,11987760
"874",4665,14586687
"875",1037,13918480
"876",4661,0
"877",1036,2925948
"878",4657,937052
"879",1035,13918480
"880",4653,12563974
"881",1033,9380466
"882",4645,0
"883",1032,10789730
"884",1031,9380466
"885",4637,14420054
"886",1030,10789730
"887",1028,17863707
"888",1027,3454884
"889",4621,53330402
"890",1024,0
"891",1023,0
"892",1020,0
"893",4577,0
"894",1019,0
"895",1018,20611960
"896",1017,0
"897",1011,5975708
"898",1010,0
"899",1006,0
"900",692,3704761
"901",4465,32402816
"902",998,5528339
"903",994,0
"904",993,0
"905",6817,7249894
"906",986,0
"907",6801,2165347
"908",984,0
"909",982,0
"910",980,0
"911",978,0
"912",976,0
"913",974,0
"914",972,0
"915",658,6530846
"916",4193,0
"917",970,0
"918",969,0
"919",968,0
"920",967,0
"921",966,200409
"922",6561,10347571
"923",954,8553596
"924",952,0
"925",6513,0
"926",948,0
"927",944,0
"928",6465,6660643
"929",942,0
"930",6449,9603088
"931",940,0
"932",6433,963498
"933",938,0
"934",6417,11696884
"935",936,0
"936",932,0
"937",927,0
"938",926,5975708
"939",925,0
"940",922,0
"941",6297,55186850
"942",921,20611960
"943",920,0
"944",916,0
"945",6241,18425606
"946",914,8305224
"947",906,0
"948",6097,11183990
"949",896,0
"950",6089,0
"951",895,145666
"952",6073,18425606
"953",893,5820403
"954",892,3520583
"955",891,3783590
"956",890,4258679
"957",6041,16677273
"958",889,3783590
"959",6033,0
"960",888,4258679
"961",6025,11105632
"962",887,3783590
"963",6009,110960
"964",885,3783590
"965",884,4258679
"966",5985,6530846
"967",882,4258679
"968",881,5031322
"969",880,5973820
"970",5937,18481984
"971",876,5973820
"972",872,10950354
"973",5873,5387200
"974",868,2321061
"975",866,1719997
"976",864,3760522
"977",863,1100990
"978",861,1100990
"979",82,1539839
"980",858,335286
"981",5777,13431567
"982",856,335286
"983",852,10238038
"984",5729,0
"985",850,0
"986",5713,13317118
"987",848,0
"988",847,11744828
"989",846,1321658
"990",845,11195391
"991",844,1118326
"992",5617,21527141
"993",836,0
"994",4846,0
"995",5609,0
"996",835,0
"997",4838,7973051
"998",5601,0
"999",834,0
"1000",5569,0
"1001",830,0
"1002",5561,0
"1003",829,0
"1004",827,0
"1005",5537,24018547
"1006",826,0
"1007",5529,19144502
"1008",825,0
"1009",5521,6483197
"1010",824,0
"1011",5505,0
"1012",822,29017777
"1013",4734,33787038
"1014",5497,0
"1015",821,25500921
"1016",820,29017777
"1017",5473,5899219
"1018",818,9683912
"1019",5441,151052732
"1020",814,1522308
"1021",5433,149498699
"1022",813,19751985
"1023",1344,12680260
"1024",4662,14586687
"1025",5425,118420524
"1026",812,19333654
"1027",5393,126054829
"1028",808,42177606
"1029",5337,144141405
"1030",801,9631710
"1031",1320,13275165
"1032",4566,0
"1033",5329,127370962
"1034",800,7141022
"1035",5321,16083831
"1036",799,1522308
"1037",1316,20840850
"1038",4550,12916170
"1039",798,1522308
"1040",797,10292897
"1041",74,53912733
"1042",4534,6469286
"1043",4518,0
"1044",794,7202954
"1045",4510,5516457
"1046",5273,130419737
"1047",793,0
"1048",792,0
"1049",4494,26922645
"1050",789,0
"1051",6269,13828039
"1052",73,53912733
"1053",5233,61844235
"1054",788,0
"1055",5217,0
"1056",786,19082202
"1057",5209,19156218
"1058",785,0
"1059",4438,7624053
"1060",784,0
"1061",4430,4297209
"1062",5089,17707016
"1063",770,0
"1064",5081,24018194
"1065",769,0
"1066",768,11744828
"1067",5049,0
"1068",765,0
"1069",70,53912733
"1070",5084,17370512
"1071",407,31118269
"1072",5017,5334459
"1073",761,0
"1074",1315,13275165
"1075",758,0
"1076",4222,18258225
"1077",4985,0
"1078",757,0
"1079",6013,21556238
"1080",69,53912733
"1081",1232,336
"1082",4214,0
"1083",4977,6165571
"1084",756,0
"1085",4929,31880550
"1086",750,13695102
"1087",68,48079546
"1088",4142,53671692
"1089",745,5701020
"1090",4865,0
"1091",742,9119378
"1092",740,10328894
"1093",4833,0
"1094",738,12878262
"1095",736,15053937
"1096",4071,0
"1097",734,15053937
"1098",733,15053937
"1099",5821,0
"1100",66,53423244
"1101",1184,0
"1102",4059,20557309
"1103",4769,0
"1104",730,12299179
"1105",729,12299179
"1106",1176,0
"1107",4043,7337935
"1108",1255,0
"1109",36,28136133
"1110",4753,5081994
"1111",728,7000788
"1112",4737,11607776
"1113",726,7000788
"1114",4031,0
"1115",4729,10939207
"1116",725,16165106
"1117",65,53423244
"1118",4721,17860330
"1119",724,16165106
"1120",1166,0
"1121",4023,0
"1122",4705,8208728
"1123",722,10088129
"1124",4015,0
"1125",4641,0
"1126",714,40355420
"1127",4633,5261722
"1128",713,40355420
"1129",1223,146098
"1130",5720,8477578
"1131",35,49720837
"1132",4625,18436023
"1133",712,40355420
"1134",1219,1522308
"1135",710,7551756
"1136",1209,0
"1137",4569,0
"1138",705,23141980
"1139",4561,36453025
"1140",704,15994823
"1141",698,0
"1142",4505,22831668
"1143",697,2344877
"1144",4497,5043227
"1145",696,0
"1146",1169,16760330
"1147",5437,162499264
"1148",62,6213376
"1149",4401,34885129
"1150",684,29355789
"1151",4369,22398642
"1152",680,29355789
"1153",674,19144199
"1154",1143,0
"1155",4305,9541525
"1156",672,0
"1157",666,0
"1158",923,5701020
"1159",6,46334553
"1160",665,0
"1161",1127,0
"1162",5336,157253078
"1163",32,44289726
"1164",664,11464300
"1165",1119,13997133
"1166",4209,0
"1167",660,0
"1168",1105,0
"1169",653,1762266
"1170",5181,120380097
"1171",60,8657626
"1172",4145,0
"1173",652,14026139
"1174",318,28409530
"1175",4373,66465028
"1176",6932,0
"1177",533,19479275
"1178",941,0
"1179",315,55186850
"1180",6441,9056893
"1181",939,0
"1182",314,55186850
"1183",4309,3750709
"1184",525,59107373
"1185",52,24580818
"1186",1767,0
"1187",6425,8871765
"1188",937,0
"1189",313,55186850
"1190",303,25914321
"1191",302,18607012
"1192",6169,5748040
"1193",905,14838017
"1194",297,16836759
"1195",910,0
"1196",1243,0
"1197",100,9470849
"1198",1005,0
"1199",4457,29082350
"1200",296,18895892
"1201",281,49369369
"1202",878,5973820
"1203",1179,4620655
"1204",96,0
"1205",6713,0
"1206",973,0
"1207",4201,5428366
"1208",871,39556
"1209",6791,6861612
"1210",280,49369369
"1211",855,9824814
"1212",272,27576468
"1213",264,0
"1214",831,0
"1215",260,0
"1216",5513,0
"1217",823,25500921
"1218",6407,13027190
"1219",256,14374080
"1220",5481,17759178
"1221",819,10292897
"1222",4710,6709910
"1223",6375,0
"1224",255,28125890
"1225",253,28125890
"1226",5385,146930206
"1227",807,42938773
"1228",4614,0
"1229",6279,14005456
"1230",252,28125890
"1231",5196,0
"1232",414,0
"1233",5129,0
"1234",775,0
"1235",6023,11105632
"1236",244,17986259
"1237",1341,14121753
"1238",5164,0
"1239",412,0
"1240",5097,0
"1241",771,0
"1242",243,33986508
"1243",242,17986259
"1244",5225,15168084
"1245",787,0
"1246",4454,33982791
"1247",6119,21875521
"1248",247,3487870
"1249",3,46711606
"1250",333,4256705
"1251",4613,0
"1252",763,0
"1253",1244,0
"1254",4262,50934041
"1255",241,22438427
"1256",1339,5812132
"1257",4642,51262
"1258",5180,0
"1259",413,0
"1260",5113,5016395
"1261",773,5975708
"1262",6141,0
"1263",71,53912733
"1264",27,36572047
"1265",5068,24600199
"1266",406,12604605
"1267",4068,22011848
"1268",240,3487870
"1269",5767,0
"1270",236,49369327
"1271",735,15053937
"1272",234,27576449
"1273",1283,0
"1274",4418,29235979
"1275",731,12299179
"1276",5671,13384769
"1277",233,0
"1278",4386,21255588
"1279",741,10328894
"1280",67,53423244
"1281",26,30264106
"1282",1253,0
"1283",727,7000788
"1284",232,33986483
"1285",1245,0
"1286",723,16165106
"1287",1164,0
"1288",4019,0
"1289",5607,0
"1290",231,33986483
"1291",1221,26688691
"1292",5511,0
"1293",228,13382163
"1294",1235,0
"1295",4226,18258225
"1296",4553,15332419
"1297",703,0
"1298",5447,0
"1299",226,6146500
"1300",5415,130699819
"1301",225,3154346
"1302",709,7551756
"1303",25,30264106
"1304",695,0
"1305",224,31838254
"1306",5351,0
"1307",223,6146500
"1308",5287,12309612
"1309",221,0
"1310",1141,0
"1311",5191,14419234
"1312",218,0
"1313",663,29355789
"1314",5127,0
"1315",216,43900826
"1316",1117,0
"1317",5095,0
"1318",215,40291409
"1319",1077,0
"1320",346,18958649
"1321",4821,7973051
"1322",210,1301
"1323",1061,10088129
"1324",208,29078120
"1325",1029,9380466
"1326",334,4256705
"1327",610,12576335
"1328",4779,7441648
"1329",602,11041135
"1330",4715,17860330
"1331",594,0
"1332",1905,17858950
"1333",194,5558412
"1334",4879,11765417
"1335",193,5558412
"1336",1954,20557309
"1337",4847,14766595
"1338",192,19341228
"1339",1946,34988825
"1340",4815,10579450
"1341",562,0
"1342",1841,0
"1343",4395,0
"1344",184,0
"1345",1882,14654977
"1346",909,0
"1347",299,25914321
"1348",924,13695102
"1349",178,53912733
"1350",6622,6803615
"1351",1834,0
"1352",6716,0
"1353",509,15165580
"1354",1729,0
"1355",176,44289726
"1356",6558,6695544
"1357",1818,0
"1358",4303,3750709
"1359",6652,15223653
"1360",505,30608337
"1361",5945,13158343
"1362",877,5528339
"1363",84,1539839
"1364",283,50673881
"1365",170,0
"1366",493,3681110
"1367",8,37704177
"1368",4622,51262
"1369",1334,9082349
"1370",5516,15345938
"1371",434,39239017
"1372",1429,0
"1373",4488,0
"1374",5004,10078192
"1375",402,33240545
"1376",4036,9420389
"1377",42,32424957
"1378",1447,0
"1379",4560,13544926
"1380",6488,0
"1381",41,32424957
"1382",1415,11502323
"1383",4432,21255588
"1384",7,46334553
"1385",1078,0
"1386",737,15053937
"1387",4825,7959921
"1388",370,32122930
"1389",37,28136133
"1390",589,23655824
"1391",56,4923366
"1392",1895,7120341
"1393",4611,0
"1394",943,0
"1395",316,55186850
"1396",529,19333733
"1397",1775,0
"1398",1045,13874513
"1399",4693,9960782
"1400",300,18607012
"1401",6569,0
"1402",955,13563518
"1403",322,28409530
"1404",4437,7624053
"1405",101,9470849
"1406",699,2344877
"1407",4521,31583321
"1408",913,7010069
"1409",301,25914321
"1410",6409,13027190
"1411",935,0
"1412",312,0
"1413",521,44373564
"1414",1759,732809
"1415",609,7414578
"1416",1935,23161284
"1417",875,5528339
"1418",6823,0
"1419",282,49369369
"1420",1227,33787038
"1421",99,9470849
"1422",683,11464300
"1423",4393,367435
"1424",879,5528339
"1425",284,18895892
"1426",274,0
"1427",5881,7441747
"1428",869,835010
"1429",83,1539839
"1430",279,49369369
"1431",4509,6274478
"1432",6017,21556238
"1433",886,4258679
"1434",97,10138990
"1435",981,0
"1436",5449,0
"1437",815,15718027
"1438",1348,12680260
"1439",4678,7297677
"1440",254,5408834
"1441",783,0
"1442",6087,0
"1443",246,22438427
"1444",238,3487870
"1445",28,44289726
"1446",230,7410224
"1447",5319,170197260
"1448",222,27576449
"1449",4065,0
"1450",5159,0
"1451",217,49985349
"1452",4345,11334089
"1453",677,2821854
"1454",24,32843250
"1455",4714,5516621
"1456",1109,6722392
"1457",4169,0
"1458",655,1762266
"1459",5063,14729739
"1460",214,41166021
"1461",650,10186276
"1462",4225,0
"1463",662,2821854
"1464",6055,9452387
"1465",245,33986508
"1466",5735,16309567
"1467",235,27576449
"1468",766,0
"1469",1229,33787038
"1470",229,9734298
"1471",5297,0
"1472",796,10292897
"1473",1310,8578503
"1474",4526,0
"1475",1149,0
"1476",675,2821854
"1477",5223,15168084
"1478",219,41623619
"1479",1075,22398037
"1480",46,44373522
"1481",5586,1121375
"1482",1575,5334459
"1483",5260,25958225
"1484",418,0
"1485",1365,18522168
"1486",6316,16555359
"1487",484,10295127
"1488",1629,18952228
"1489",5644,0
"1490",442,37767699
"1491",5130,0
"1492",1461,0
"1493",4616,12202154
"1494",1034,10789730
"1495",4649,0
"1496",605,7414578
"1497",6852,0
"1498",523,48984033
"1499",1763,6660643
"1500",181,0
"1501",6718,0
"1502",1858,0
"1503",6812,16848358
"1504",518,2630609
"1505",1753,2537492
"1506",584,0
"1507",1885,14654977
"1508",4571,0
"1509",506,19698887
"1510",1717,13214253
"1511",166,29078120
"1512",485,743490
"1513",1633,15270668
"1514",1213,40355420
"1515",5479,16208663
"1516",227,2679257
"1517",5665,10831396
"1518",842,9683912
"1519",1,46711291
"1520",4206,4169592
"1521",1230,18577998
"1522",1053,8075847
"1523",1107,0
"1524",654,14026139
"1525",644,23291710
"1526",527,0
"1527",182,6910403
"1528",1866,0
"1529",4495,7390352
"1530",522,47507540
"1531",1761,0
"1532",410,20840850
"1533",15,23329734
"1534",6150,0
"1535",1716,200409
"1536",5404,141456282
"1537",427,42066830
"1538",1401,8531824
"1539",1157,0
"1540",679,11464300
"1541",5255,12012742
"1542",220,6146500
"1543",1171,8694
"1544",4033,0
"1545",1071,0
"1546",57,4923366
"1547",4797,0
"1548",636,6616495
"1549",6515,0
"1550",22,32122903
"1551",598,1762244
"1552",4683,16532100
"1553",295,18895892
"1554",5761,0
"1555",854,10238038
"1556",1131,7108014
"1557",93,6910403
"1558",6521,15287980
"1559",949,0
"1560",849,20611960
"1561",269,31838295
"1562",298,18607012
"1563",6670,0
"1564",12,48277497
"1565",331,4256705
"1566",4581,52097948
"1567",190,10138990
"1568",1930,22011848
"1569",559,19410935
"1570",6626,6803615
"1571",1835,20162349
"1572",4371,48283017
"1573",867,7644709
"1574",278,0
"1575",894,0
"1576",1211,27539457
"1577",98,10138990
"1578",5785,23043753
"1579",857,9824814
"1580",273,51262
"1581",862,3760522
"1582",94,6910403
"1583",165,3141324
"1584",1730,0
"1585",483,13759327
"1586",971,0
"1587",330,4256705
"1588",4565,0
"1589",1080,16361771
"1590",13,23291702
"1591",5126,200409
"1592",1460,0
"1593",1046,19340790
"1594",4697,45954096
"1595",14,23329734
"1596",1588,22160032
"1597",4047,17858950
"1598",1178,18272864
"1599",395,0
"1600",16,23329734
"1601",4407,5387200
"1602",5916,5389510
"1603",459,9115818
"1604",5402,19209757
"1605",1529,11991560
"1606",17,0
"1607",6918,219
"1608",1908,17858950
"1609",161,33652696
"1610",1698,0
"1611",1059,10088129
"1612",4749,0
"1613",450,9097309
"1614",4744,8367750
"1615",5900,5334755
"1616",458,9115818
"1617",466,0
"1618",1557,21302710
"1619",53,24580818
"1620",4227,0
"1621",163,3141324
"1622",6412,9239982
"1623",490,36759444
"1624",1653,24375026
"1625",18,23329734
"1626",1972,176460
"1627",4919,27578913
"1628",491,2661071
"1629",5914,12072548
"1630",1657,20260612
"1631",469,27828334
"1632",5562,0
"1633",1569,18001332
"1634",5849,11693316
"1635",865,7644709
"1636",6743,6846969
"1637",277,0
"1638",870,10950354
"1639",1163,5990028
"1640",4017,7250332
"1641",95,6910403
"1642",167,0
"1643",6270,14950683
"1644",1746,0
"1645",498,1026139
"1646",6026,20760209
"1647",1685,8884844
"1648",511,15165580
"1649",5053,21151789
"1650",59,1360634
"1651",58,4923366
"1652",4867,7552665
"1653",526,59107373
"1654",1769,0
"1655",548,27539457
"1656",317,16666386
"1657",2,46711606
"1658",183,4592101
"1659",531,0
"1660",6402,0
"1661",1779,17813384
"1662",5309,15914085
"1663",61,1360634
"1664",564,0
"1665",580,28136143
"1666",4539,0
"1667",606,12576335
"1668",4747,0
"1669",5565,18473150
"1670",63,0
"1671",596,448146
"1672",6922,0
"1673",1909,14499741
"1674",4667,0
"1675",1043,13874513
"1676",4685,0
"1677",64,1301
"1678",612,12576335
"1679",4795,13316940
"1680",1085,0
"1681",1139,0
"1682",651,20162349
"1683",5031,19751985
"1684",213,0
"1685",4785,7441648
"1686",732,12299179
"1687",4055,0
"1688",1155,0
"1689",678,29355789
"1690",237,22438420
"1691",4674,1561479
"1692",1347,12994643
"1693",774,71495676
"1694",1228,18577998
"1695",4198,5428366
"1696",239,22438420
"1697",4578,52097948
"1698",5185,124884320
"1699",782,732809
"1700",157,39882449
"1701",6044,18093290
"1702",467,27828334
"1703",5530,2822245
"1704",1561,25089175
"1705",843,1222826
"1706",266,16739389
"1707",487,743490
"1708",5850,6210871
"1709",1641,23146106
"1710",54,24580818
"1711",1831,0
"1712",482,4761672
"1713",159,42669432
"1714",6108,0
"1715",471,21318176
"1716",5594,8392238
"1717",1577,6181601
"1718",5737,8261147
"1719",851,1560884
"1720",6631,6668112
"1721",270,24635301
"1722",5657,10831396
"1723",841,15718027
"1724",265,10776179
"1725",883,5031322
"1726",286,18895892
"1727",985,39933491
"1728",1084,0
"1729",5410,122554401
"1730",118,0
"1731",1074,34176321
"1732",635,9470861
"1733",1690,22948393
"1734",853,1560884
"1735",6647,0
"1736",271,41623643
"1737",1722,0
"1738",5464,68887010
"1739",33,49720837
"1740",319,16666386
"1741",4389,4297209
"1742",320,28409530
"1743",4405,48283017
"1744",953,0
"1745",321,16666386
"1746",323,0
"1747",324,0
"1748",325,7410224
"1749",4485,7624053
"1750",547,27539457
"1751",4275,38036772
"1752",326,39952511
"1753",549,27539457
"1754",1815,14374080
"1755",5592,2591488
"1756",34,49720837
"1757",327,4256705
"1758",551,42177606
"1759",1819,0
"1760",4307,9541525
"1761",6729,0
"1762",975,200409
"1763",661,0
"1764",4217,0
"1765",332,4256705
"1766",561,0
"1767",6642,285571
"1768",1839,8718072
"1769",4387,21255588
"1770",6745,9674401
"1771",977,0
"1772",191,19341228
"1773",563,0
"1774",4403,44640644
"1775",979,13214253
"1776",6793,17980195
"1777",983,0
"1778",669,6483197
"1779",4281,44801450
"1780",21,32122903
"1781",1165,0
"1782",4021,0
"1783",581,23655824
"1784",4547,21121102
"1785",343,5982786
"1786",1978,0
"1787",583,23655824
"1788",6818,20790996
"1789",1883,13664604
"1790",4563,36453025
"1791",344,18958649
"1792",585,23655824
"1793",1887,7120341
"1794",4579,0
"1795",6937,0
"1796",1001,0
"1797",345,5982786
"1798",4805,20431647
"1799",587,23655824
"1800",6850,0
"1801",1891,7120341
"1802",591,23655824
"1803",1899,11762081
"1804",1007,0
"1805",693,2990805
"1806",4473,14862459
"1807",593,23655824
"1808",1903,11762081
"1809",4643,0
"1810",349,10139000
"1811",4869,13539434
"1812",595,4923366
"1813",1907,14705249
"1814",355,10892859
"1815",4965,9318709
"1816",607,7414578
"1817",158,31275020
"1818",1931,22011848
"1819",1042,11987760
"1820",4681,8036152
"1821",361,0
"1822",1062,9119378
"1823",4265,47198606
"1824",667,2088189
"1825",4,46711606
"1826",461,57470492
"1827",5434,145802750
"1828",1537,0
"1829",4920,0
"1830",1070,0
"1831",1082,0
"1832",739,12878262
"1833",4841,7815986
"1834",1086,0
"1835",23,32843250
"1836",645,30130640
"1837",40,32424957
"1838",4999,0
"1839",212,6616487
"1840",647,1762244
"1841",376,27504962
"1842",649,20162349
"1843",398,0
"1844",6744,9674401
"1845",43,32424957
"1846",5202,0
"1847",1479,155929
"1848",4688,9960782
"1849",4012,14654977
"1850",400,0
"1851",4020,1314524
"1852",1202,9119378
"1853",401,31118269
"1854",5020,19203369
"1855",403,31118269
"1856",4044,0
"1857",5036,19333654
"1858",404,33240545
"1859",1218,59107373
"1860",5052,0
"1861",405,31118269
"1862",4060,0
"1863",1222,6722392
"1864",1226,18577998
"1865",44,47202208
"1866",5100,8855112
"1867",408,33240545
"1868",5116,0
"1869",409,13275165
"1870",1246,32496525
"1871",1250,0
"1872",1254,0
"1873",45,47202208
"1874",416,0
"1875",4200,4169592
"1876",1266,0
"1877",417,0
"1878",4216,0
"1879",4414,5387200
"1880",1282,0
"1881",5308,33251832
"1882",421,7304762
"1883",1377,7868875
"1884",5324,158622483
"1885",422,7304762
"1886",5356,0
"1887",424,1172988
"1888",5420,0
"1889",428,42066830
"1890",4392,18732347
"1891",4542,8583281
"1892",1314,20840850
"1893",4062,0
"1894",5436,153922699
"1895",429,42066830
"1896",4408,18444693
"1897",4558,15231993
"1898",1318,20840850
"1899",342,18958649
"1900",4070,0
"1901",5289,119273667
"1902",795,10292897
"1903",5,46334553
"1904",1793,11325179
"1905",5452,0
"1906",430,33701023
"1907",1413,11502323
"1908",4424,6227588
"1909",47,39381427
"1910",5468,0
"1911",431,33701023
"1912",4440,33982791
"1913",432,33701023
"1914",1421,0
"1915",5500,29800565
"1916",433,33701023
"1917",1425,0
"1918",4654,0
"1919",1342,13586365
"1920",348,0
"1921",4140,27760912
"1922",5548,0
"1923",436,11425329
"1924",4520,19406457
"1925",1346,12680260
"1926",5564,0
"1927",437,11425329
"1928",5050,0
"1929",1441,0
"1930",4536,6469286
"1931",5580,11430517
"1932",438,30130640
"1933",5066,17710830
"1934",1445,0
"1935",4552,15332419
"1936",4702,9058051
"1937",1354,12680260
"1938",4188,7202954
"1939",48,39381427
"1940",1639,23146106
"1941",5596,8392238
"1942",439,23291710
"1943",5082,16306954
"1944",1449,145666
"1945",29,44289726
"1946",4568,21475334
"1947",440,30130640
"1948",5098,6709910
"1949",1453,4382899
"1950",5660,5957867
"1951",443,5544768
"1952",4632,0
"1953",5676,8775910
"1954",444,37767699
"1955",4648,0
"1956",445,5544768
"1957",5178,0
"1958",1473,29355789
"1959",446,31772596
"1960",1477,155929
"1961",4680,10591961
"1962",49,39381427
"1963",5724,10408374
"1964",447,31772596
"1965",5210,0
"1966",1481,0
"1967",448,31772596
"1968",4712,12940942
"1969",449,9097309
"1970",5788,14026265
"1971",451,9097309
"1972",1497,0
"1973",453,28186693
"1974",1505,0
"1975",454,28186693
"1976",50,33823411
"1977",5852,0
"1978",455,12610433
"1979",5338,148130759
"1980",1513,14766595
"1981",30,44289726
"1982",4824,7959921
"1983",5868,14838236
"1984",456,24215484
"1985",5354,169361819
"1986",1517,0
"1987",4840,7973051
"1988",457,45905716
"1989",5932,16068702
"1990",460,62420355
"1991",5418,0
"1992",1533,25778501
"1993",4904,7090568
"1994",462,57470492
"1995",5450,134868807
"1996",1541,0
"1997",51,33823411
"1998",1735,0
"1999",463,57470492
"2000",4952,1769323
"2001",464,19989138
"2002",468,27828334
"2003",1565,18225275
"2004",6092,69422889
"2005",470,21318176
"2006",1573,18001332
"2007",486,743490
"2008",1637,15270668
"2009",488,2630609
"2010",5866,13539666
"2011",1645,23146106
"2012",6396,6246434
"2013",489,36759444
"2014",5882,12576547
"2015",1649,24437323
"2016",6444,8871765
"2017",492,27236164
"2018",1863,0
"2019",4483,13004740
"2020",6492,9879596
"2021",495,27236164
"2022",6524,889914
"2023",497,0
"2024",6556,14767323
"2025",499,0
"2026",6042,13069139
"2027",1689,8884844
"2028",6572,7203185
"2029",500,1026139
"2030",6058,3861441
"2031",1693,200409
"2032",502,53822861
"2033",6090,0
"2034",1701,0
"2035",503,30608337
"2036",6636,8275008
"2037",504,19698887
"2038",507,19698887
"2039",6170,15231395
"2040",1721,0
"2041",508,30608337
"2042",1725,0
"2043",6732,0
"2044",510,30608337
"2045",1733,0
"2046",512,21385368
"2047",6250,19889318
"2048",1741,10316102
"2049",513,7441648
"2050",1743,10316102
"2051",514,9525333
"2052",6266,20277628
"2053",1745,0
"2054",179,1539839
"2055",4399,47198606
"2056",6788,6861612
"2057",515,27504962
"2058",1747,0
"2059",6820,0
"2060",519,44373564
"2061",520,44373564
"2062",1757,0
"2063",6860,0
"2064",524,59107373
"2065",1765,0
"2066",528,36004248
"2067",6378,0
"2068",1773,0
"2069",6940,0
"2070",534,39381471
"2071",550,42177606
"2072",1817,89288225
"2073",553,0
"2074",1823,1026139
"2075",555,0
"2076",556,0
"2077",6602,0
"2078",1829,15994823
"2079",560,0
"2080",1970,0
"2081",4911,10652814
"2082",579,28136143
"2083",582,0
"2084",4555,15231993
"2085",586,0
"2086",1889,7120341
"2087",4587,0
"2088",588,0
"2089",6858,0
"2090",1893,4169592
"2091",590,0
"2092",4619,12202154
"2093",592,0
"2094",1901,11762081
"2095",4635,0
"2096",597,17580413
"2097",6930,0
"2098",1911,16677043
"2099",4675,10216538
"2100",599,1762244
"2101",6946,0
"2102",156,39381427
"2103",1915,18481741
"2104",4691,9960782
"2105",600,1762244
"2106",6954,0
"2107",1917,14499741
"2108",4699,8712407
"2109",601,12041463
"2110",6962,0
"2111",1919,2702304
"2112",4707,12940942
"2113",603,12041463
"2114",4723,7277576
"2115",604,11041135
"2116",4731,10591961
"2117",608,12576335
"2118",1933,22461245
"2119",611,7414578
"2120",4787,9525333
"2121",648,10186276
"2122",4706,8208728
"2123",1355,12994643
"2124",4718,17860330
"2125",1358,13036804
"2126",4738,10195761
"2127",1363,18522168
"2128",4224,18444693
"2129",4742,0
"2130",1364,20111477
"2131",4228,21555871
"2132",4750,9139862
"2133",1366,20111477
"2134",4236,4169592
"2135",1367,18522168
"2136",4240,4169592
"2137",4758,5081994
"2138",1368,20111477
"2139",4770,0
"2140",1371,7868875
"2141",1372,25520523
"2142",4264,49852487
"2143",1374,31118269
"2144",4798,0
"2145",1378,31118269
"2146",4284,44801450
"2147",4802,13316940
"2148",1379,7868875
"2149",1380,31118269
"2150",362,0
"2151",4364,48283017
"2152",4368,66465028
"2153",1400,13556046
"2154",4372,22398642
"2155",4894,10347122
"2156",1402,13556046
"2157",4384,22217742
"2158",4902,7090568
"2159",1404,13556046
"2160",4388,4297209
"2161",1406,13556046
"2162",4396,280040
"2163",4400,18732347
"2164",4918,37195625
"2165",1408,19178625
"2166",4404,16691133
"2167",4926,37195625
"2168",1410,19178625
"2169",4416,4997109
"2170",4934,37195625
"2171",1412,20794013
"2172",4420,29235979
"2173",1414,13099574
"2174",366,22718614
"2175",4428,21151789
"2176",1416,13099574
"2177",4436,13004740
"2178",4958,15381818
"2179",1418,14711871
"2180",367,15183100
"2181",4444,763740
"2182",1420,14711871
"2183",4452,24550490
"2184",1422,0
"2185",368,0
"2186",4460,29082350
"2187",4978,6122003
"2188",1423,0
"2189",4982,0
"2190",1424,0
"2191",4468,14862459
"2192",1426,0
"2193",369,0
"2194",4476,32402816
"2195",4994,0
"2196",1427,0
"2197",4480,34607889
"2198",4998,0
"2199",1428,0
"2200",1430,0
"2201",1431,0
"2202",4496,18732347
"2203",5014,0
"2204",1432,0
"2205",4500,5516621
"2206",5018,1123995
"2207",1433,0
"2208",4504,5516457
"2209",5022,9050185
"2210",1434,0
"2211",371,32122930
"2212",4508,5516457
"2213",5026,22660476
"2214",1435,0
"2215",5030,22641897
"2216",1436,0
"2217",5054,26922645
"2218",1442,0
"2219",373,27504962
"2220",4540,0
"2221",1443,0
"2222",4544,8583281
"2223",5062,15680161
"2224",1444,0
"2225",4548,12916170
"2226",5070,24600199
"2227",1446,408797
"2228",374,27504962
"2229",4556,15231993
"2230",1448,0
"2231",4564,13544926
"2232",5086,17370512
"2233",1450,0
"2234",375,27504962
"2235",4572,0
"2236",5090,0
"2237",1451,0
"2238",4576,0
"2239",5094,13563518
"2240",1452,0
"2241",4580,34482060
"2242",1454,14711871
"2243",5106,17707016
"2244",1455,0
"2245",4592,12563974
"2246",5110,13539434
"2247",1456,3762153
"2248",4596,4594684
"2249",5114,14586687
"2250",1457,0
"2251",4600,18384045
"2252",5118,42938773
"2253",1458,5290635
"2254",5122,8662442
"2255",1459,0
"2256",5134,13214253
"2257",9,46395538
"2258",1462,0
"2259",4620,12332911
"2260",1463,0
"2261",4624,52097948
"2262",5166,0
"2263",1470,0
"2264",4652,14445812
"2265",5182,110302337
"2266",1474,11464300
"2267",5186,109876091
"2268",1475,0
"2269",5190,0
"2270",1476,723
"2271",4676,10591961
"2272",5198,20718675
"2273",1478,167969
"2274",4684,10216538
"2275",5206,0
"2276",1480,167969
"2277",4692,0
"2278",5214,122242592
"2279",1482,0
"2280",4700,6709910
"2281",5218,0
"2282",1483,413937
"2283",5222,14248045
"2284",1484,0
"2285",4708,12940942
"2286",5266,78963162
"2287",1495,0
"2288",5270,0
"2289",1496,0
"2290",4756,8367750
"2291",1498,0
"2292",5282,146290472
"2293",1499,0
"2294",5286,8531062
"2295",1500,0
"2296",5290,9596110
"2297",1501,2602928
"2298",5298,158133254
"2299",1503,0
"2300",4784,9525333
"2301",5314,55173246
"2302",1507,0
"2303",4800,0
"2304",5318,16922618
"2305",1508,0
"2306",1514,16254101
"2307",4828,8397780
"2308",5346,152250378
"2309",1515,15676531
"2310",5350,0
"2311",1516,16254101
"2312",4836,7815986
"2313",5358,0
"2314",1518,890092
"2315",4844,14766595
"2316",5362,140869813
"2317",1519,758686
"2318",4848,0
"2319",5390,161251837
"2320",1526,19410935
"2321",4876,8214676
"2322",5394,119508503
"2323",1527,8718072
"2324",4880,0
"2325",1528,0
"2326",4884,11664265
"2327",5414,128302949
"2328",1532,25778501
"2329",4900,9058051
"2330",5422,0
"2331",1534,25778501
"2332",396,0
"2333",4908,10652814
"2334",5426,0
"2335",1535,25778501
"2336",4912,10652814
"2337",5430,145390996
"2338",1536,0
"2339",4916,19466289
"2340",5438,151121623
"2341",1538,11425329
"2342",397,0
"2343",4924,37195625
"2344",5446,136100907
"2345",1540,0
"2346",4932,31880550
"2347",5470,0
"2348",1546,0
"2349",399,0
"2350",4956,11696347
"2351",5474,0
"2352",1547,36004248
"2353",4960,15381818
"2354",5478,41920970
"2355",1548,0
"2356",4964,0
"2357",1551,0
"2358",5502,22051937
"2359",1554,1832625
"2360",5506,15468746
"2361",1555,17813384
"2362",5510,0
"2363",1556,1832625
"2364",5518,0
"2365",1558,25531779
"2366",5522,0
"2367",1559,21302710
"2368",1560,17431409
"2369",5534,16307181
"2370",1562,17431409
"2371",5538,16307181
"2372",1563,25089175
"2373",1564,16632619
"2374",5550,61608897
"2375",1566,16286806
"2376",5554,0
"2377",1567,18225275
"2378",5558,0
"2379",1568,16286806
"2380",5566,18473150
"2381",1570,13921858
"2382",5570,13490867
"2383",1571,16229936
"2384",1572,16286806
"2385",5590,2591488
"2386",1576,0
"2387",5598,8392238
"2388",1578,7082160
"2389",5602,0
"2390",1579,7082160
"2391",5606,0
"2392",1580,6181601
"2393",1581,19263103
"2394",1582,6181601
"2395",5618,15995031
"2396",1583,22282452
"2397",5622,15995031
"2398",1584,21190801
"2399",5626,15995031
"2400",1585,5254898
"2401",5630,15995031
"2402",1586,5254898
"2403",1587,5254898
"2404",5642,17121675
"2405",1589,22160032
"2406",5646,0
"2407",10,46395538
"2408",1590,3481810
"2409",5650,0
"2410",1591,3481810
"2411",5654,5957867
"2412",1592,22244921
"2413",5658,5957867
"2414",1593,21190801
"2415",5662,12740216
"2416",1594,22282452
"2417",1595,13158150
"2418",1596,11434535
"2419",5674,13384769
"2420",1597,13921858
"2421",5678,8775910
"2422",1598,16229936
"2423",5722,10408374
"2424",1609,0
"2425",5726,10408374
"2426",1610,13921858
"2427",5730,0
"2428",1611,16229936
"2429",1612,13921858
"2430",1613,16229936
"2431",5790,10976808
"2432",1626,16670888
"2433",1627,12963178
"2434",5798,247373
"2435",1628,16670888
"2436",5806,10660559
"2437",1630,13889543
"2438",5810,10660559
"2439",1631,18952228
"2440",5814,10660559
"2441",1632,13889543
"2442",5822,0
"2443",1634,13889543
"2444",1635,15270668
"2445",1636,13889543
"2446",1638,29948405
"2447",1640,29948405
"2448",5854,0
"2449",1642,29948405
"2450",1643,23146106
"2451",1644,29948405
"2452",1646,29948405
"2453",5874,9186765
"2454",1647,23146106
"2455",5878,9525471
"2456",1648,29948405
"2457",1650,22663444
"2458",5890,0
"2459",1651,24375026
"2460",1652,22663444
"2461",5902,0
"2462",1654,22663444
"2463",1655,24375026
"2464",5910,3574256
"2465",1656,22663444
"2466",1677,22609979
"2467",1678,16833798
"2468",1679,22609979
"2469",1680,16833798
"2470",6018,24870188
"2471",1683,0
"2472",6022,7137967
"2473",1684,7337935
"2474",1686,7337935
"2475",1687,0
"2476",1688,0
"2477",1691,8884844
"2478",6054,0
"2479",1692,0
"2480",1694,200409
"2481",1695,8884844
"2482",1696,0
"2483",6074,13723005
"2484",1697,0
"2485",1699,13214253
"2486",6094,0
"2487",1702,0
"2488",6158,30617429
"2489",11,48277497
"2490",1718,0
"2491",1719,0
"2492",6166,36760442
"2493",1720,0
"2494",1723,0
"2495",1724,0
"2496",1726,0
"2497",6194,7875576
"2498",1727,0
"2499",6198,0
"2500",1728,0
"2501",1731,0
"2502",1732,0
"2503",1734,0
"2504",1736,0
"2505",1742,3296703
"2506",1744,3296703
"2507",6278,11607924
"2508",1748,0
"2509",6282,13037181
"2510",1749,0
"2511",1750,0
"2512",1751,30834
"2513",6294,48080842
"2514",1752,0
"2515",1754,24332612
"2516",6318,16555359
"2517",1758,0
"2518",1760,0
"2519",1762,0
"2520",1764,6660643
"2521",1766,0
"2522",6358,11607924
"2523",1768,0
"2524",6374,0
"2525",1772,19589371
"2526",1774,0
"2527",6398,5802145
"2528",1778,336
"2529",4143,0
"2530",6406,8326759
"2531",1780,0
"2532",6410,0
"2533",1781,0
"2534",6438,1124629
"2535",1788,0
"2536",6442,9056893
"2537",1789,0
"2538",4187,9631710
"2539",6446,8871765
"2540",1790,0
"2541",4191,19888791
"2542",1791,0
"2543",6454,18452810
"2544",1792,0
"2545",6462,17237797
"2546",1794,0
"2547",4207,9437131
"2548",1795,0
"2549",4211,9437131
"2550",1796,0
"2551",1797,0
"2552",1800,0
"2553",1801,1391951
"2554",6494,9879596
"2555",1802,1391951
"2556",6502,14761678
"2557",1804,0
"2558",1805,978621
"2559",4251,0
"2560",1806,0
"2561",6518,0
"2562",1808,0
"2563",6542,19334888
"2564",1814,27096015
"2565",1816,62420355
"2566",1820,0
"2567",6570,12432426
"2568",1821,0
"2569",1822,89288225
"2570",6582,14190388
"2571",1824,0
"2572",6586,12258683
"2573",1825,114724881
"2574",4331,7218441
"2575",1828,0
"2576",4343,0
"2577",6606,0
"2578",1830,0
"2579",6630,9596862
"2580",1836,10186276
"2581",4375,48283017
"2582",6638,8275008
"2583",1838,11991560
"2584",4383,0
"2585",6646,6973078
"2586",1840,114724881
"2587",6674,9603088
"2588",1847,0
"2589",4419,4997109
"2590",1848,8276825
"2591",1849,0
"2592",1850,8276825
"2593",4431,21151789
"2594",1851,0
"2595",4435,21255588
"2596",1852,13550510
"2597",4439,13004740
"2598",1853,30262549
"2599",1854,13550510
"2600",4447,1782060
"2601",1855,30262549
"2602",4451,33982791
"2603",6710,1719997
"2604",1856,0
"2605",195,39882449
"2606",4455,24550490
"2607",6722,0
"2608",1859,8276825
"2609",1860,2993017
"2610",4471,32402816
"2611",6730,7016481
"2612",1861,0
"2613",1862,0
"2614",4479,0
"2615",6742,27540887
"2616",1864,2993017
"2617",196,39882449
"2618",4487,0
"2619",6746,9674401
"2620",1865,0
"2621",1867,4169592
"2622",4499,22831668
"2623",6758,43905322
"2624",1868,0
"2625",4503,6274478
"2626",1869,1352462
"2627",4507,6709910
"2628",1870,7117038
"2629",1871,0
"2630",1872,9420389
"2631",1873,5411262
"2632",4523,16360884
"2633",6822,736174
"2634",1884,14654977
"2635",4567,0
"2636",1886,13664604
"2637",4575,34482060
"2638",1888,2702304
"2639",1890,2993017
"2640",4591,14445812
"2641",1892,2702304
"2642",4599,24101157
"2643",6862,0
"2644",1894,0
"2645",4607,19950656
"2646",1900,12755968
"2647",1902,12755968
"2648",4639,12202154
"2649",1904,0
"2650",201,10892853
"2651",4647,2798355
"2652",1906,14705249
"2653",4655,0
"2654",6926,0
"2655",1910,13068807
"2656",4671,0
"2657",6934,0
"2658",1912,156944
"2659",202,15611426
"2660",4679,10216538
"2661",6950,0
"2662",1916,16068455
"2663",4695,10216538
"2664",1918,17858950
"2665",4703,7090568
"2666",1920,13664604
"2667",203,40291409
"2668",4711,8208728
"2669",1922,176460
"2670",1932,0
"2671",1934,23161284
"2672",1936,23161284
"2673",1944,110923
"2674",206,1462231
"2675",4807,14729739
"2676",1945,34988825
"2677",160,33652696
"2678",1947,34988825
"2679",1948,20557309
"2680",4823,10055824
"2681",1949,15741052
"2682",4827,8397780
"2683",1951,20557309
"2684",1952,15741052
"2685",207,29078120
"2686",4839,14766595
"2687",1953,15741052
"2688",4843,3068213
"2689",1956,0
"2690",1957,0
"2691",1958,22011848
"2692",4863,13539434
"2693",1960,15183100
"2694",1961,22718614
"2695",162,33652696
"2696",1963,0
"2697",4883,0
"2698",1964,0
"2699",1965,0
"2700",1966,0
"2701",4895,14097274
"2702",1973,156944
"2703",4923,8870877
"2704",1975,176460
"2705",4931,31880550
"2706",1977,0
"2707",164,3141324
"2708",1979,0
"2709",4010,9420389
"2710",1160,8261147
"2711",4011,5411262
"2712",335,21784545
"2713",4014,0
"2714",4016,0
"2715",336,21784545
"2716",4022,0
"2717",337,39882471
"2718",4030,0
"2719",4032,0
"2720",4034,0
"2721",1173,4629349
"2722",4037,5411262
"2723",338,39882471
"2724",4038,2702304
"2725",4054,0
"2726",4056,0
"2727",4057,0
"2728",4058,15741052
"2729",4061,0
"2730",4069,110923
"2731",4141,114724881
"2732",4146,0
"2733",4189,50673881
"2734",4213,0
"2735",4218,0
"2736",4220,18444693
"2737",4221,0
"2738",4223,0
"2739",4229,21555871
"2740",1236,0
"2741",4230,24869847
"2742",1237,0
"2743",4234,5428366
"2744",1238,0
"2745",4238,5428366
"2746",1239,21710916
"2747",4242,7694545
"2748",4243,15168084
"2749",1241,0
"2750",4250,0
"2751",4267,44640644
"2752",4269,44640644
"2753",4272,50934041
"2754",1247,19410935
"2755",4274,49852487
"2756",4276,44801450
"2757",4279,38036772
"2758",4282,38036772
"2759",4301,0
"2760",4308,3750709
"2761",4333,7218441
"2762",4334,41057
"2763",4336,41057
"2764",4344,20277135
"2765",4365,24550490
"2766",4366,66465028
"2767",681,11464300
"2768",4377,15889651
"2769",4381,22217742
"2770",4382,18258225
"2771",682,29355789
"2772",4385,0
"2773",4397,44640644
"2774",4398,26922645
"2775",4402,34885129
"2776",4406,18258225
"2777",685,11464300
"2778",4409,18258225
"2779",4410,18444693
"2780",4429,24849508
"2781",4433,4297209
"2782",4434,29082350
"2783",4477,14862459
"2784",4478,34607889
"2785",694,0
"2786",4481,0
"2787",4490,2902523
"2788",4493,5043227
"2789",4498,7390352
"2790",4506,6274478
"2791",4522,6709910
"2792",372,27504962
"2793",4524,31583321
"2794",4528,43758499
"2795",1311,285571
"2796",4530,21121102
"2797",4532,21121102
"2798",4535,51350753
"2799",4537,6469286
"2800",4538,6469286
"2801",55,24580818
"2802",4541,8583281
"2803",4543,0
"2804",702,0
"2805",4545,8583281
"2806",4549,12916170
"2807",4551,15332419
"2808",1317,13275165
"2809",4554,15332419
"2810",4557,15231993
"2811",1319,13275165
"2812",4562,13544926
"2813",1321,20840850
"2814",4570,0
"2815",4573,0
"2816",4574,0
"2817",4585,14771034
"2818",4586,7706006
"2819",4590,14445812
"2820",708,7551756
"2821",4593,12563974
"2822",4594,12563974
"2823",4605,0
"2824",200,10892853
"2825",4615,0
"2826",4617,12332911
"2827",4618,27576468
"2828",4623,34482060
"2829",1335,12860030
"2830",4626,14420054
"2831",4628,18436023
"2832",1336,9082349
"2833",4630,14420054
"2834",1337,12860030
"2835",4634,0
"2836",4636,18436023
"2837",1338,6282570
"2838",4638,12332911
"2839",4640,4604587
"2840",4644,0
"2841",4656,0
"2842",1345,12994643
"2843",4666,0
"2844",1349,12994643
"2845",4682,10216538
"2846",1350,11502323
"2847",4686,9960782
"2848",4687,1771498
"2849",1351,13099574
"2850",4690,0
"2851",1352,11502323
"2852",4694,0
"2853",4720,17860330
"2854",1359,16554981
"2855",4722,7277576
"2856",4724,7277576
"2857",4730,11088278
"2858",4732,10216538
"2859",4735,10195761
"2860",4736,11607776
"2861",204,1462231
"2862",4743,8326363
"2863",4748,9139862
"2864",1373,7868875
"2865",4778,9525333
"2866",4781,7441648
"2867",4810,10579450
"2868",4812,10579450
"2869",4818,10579450
"2870",4822,10579450
"2871",4826,8397780
"2872",4842,247373
"2873",4861,1028167
"2874",4862,8718072
"2875",4864,11049979
"2876",1395,6282570
"2877",4866,7552665
"2878",4868,13539434
"2879",743,9119378
"2880",4873,8209847
"2881",1397,13586365
"2882",4874,8209847
"2883",4877,8214676
"2884",1398,14983378
"2885",4878,0
"2886",4881,11765417
"2887",1399,10360242
"2888",4882,0
"2889",4885,11664265
"2890",4893,11664265
"2891",4896,13059677
"2892",746,13695102
"2893",4897,13059677
"2894",110,0
"2895",1403,8531824
"2896",4898,16254101
"2897",4899,11845922
"2898",4901,11845922
"2899",4903,9058051
"2900",747,5701020
"2901",4905,11845922
"2902",1405,8531824
"2903",4906,11845922
"2904",4909,10652814
"2905",748,13695102
"2906",4913,13360455
"2907",1407,20698698
"2908",4914,11049979
"2909",4915,19466289
"2910",4917,19466289
"2911",749,5701020
"2912",4921,0
"2913",1409,20698698
"2914",4922,37195625
"2915",4927,16849909
"2916",4928,31880550
"2917",1411,20698698
"2918",4930,256996
"2919",4951,1769323
"2920",1417,9218210
"2921",4954,11721393
"2922",4955,0
"2923",4959,9318709
"2924",1419,9218210
"2925",4962,9318709
"2926",211,6616487
"2927",4967,0
"2928",755,0
"2929",4969,8855112
