"","id","debit","taux"
"1",1709,0,NA
"2",6998,610119,1.8
"3",6997,1110001,4.79581151832461
"4",6996,889914,12.988416988417
"5",6971,1132845,15.4970131421744
"6",6961,0,NA
"7",6960,0,NA
"8",6959,0,NA
"9",6957,0,NA
"10",6956,0,NA
"11",6955,0,NA
"12",6953,0,NA
"13",6952,0,NA
"14",6951,0,NA
"15",6949,0,NA
"16",6948,0,NA
"17",6947,0,NA
"18",6945,0,NA
"19",6944,0,NA
"20",6943,0,NA
"21",6942,0,NA
"22",6941,0,NA
"23",6939,0,NA
"24",6938,0,NA
"25",6936,0,NA
"26",6935,0,NA
"27",6933,0,NA
"28",6931,0,NA
"29",6929,0,NA
"30",6928,0,NA
"31",6927,0,NA
"32",6925,0,NA
"33",6924,0,NA
"34",6923,0,NA
"35",6921,0,NA
"36",6920,0,NA
"37",6919,0,NA
"38",6851,0,NA
"39",6849,0,NA
"40",6848,0,NA
"41",6847,0,NA
"42",6861,0,NA
"43",6859,0,NA
"44",6831,0,NA
"45",6824,0,NA
"46",6821,12950225,NA
"47",6819,0,NA
"48",6816,0,6.54262295081967
"49",6815,24635301,5.38188188188188
"50",6813,12561727,2.93603411513859
"51",6811,8261147,4.99757477768796
"52",6800,12950225,NA
"53",6799,736174,NA
"54",6798,14299407,6.82883939038687
"55",6790,6861612,5.56628099173554
"56",6789,6861612,16.9394403986202
"57",6787,6861612,3.94408021596606
"58",6672,9603088,NA
"59",6655,3349748,NA
"60",6654,0,6.54262295081967
"61",6653,12600050,10.6879659211928
"62",6648,6973078,4.53398058252427
"63",6645,0,29.55
"64",6644,6973078,29.55
"65",6643,8578503,9.24742268041237
"66",6641,6282570,5.128
"67",6640,5812132,4.24220032840723
"68",6639,8131402,4.03605769230769
"69",6637,8131402,NA
"70",6635,8131402,4.54121526142251
"71",6634,8275008,5.22153574580759
"72",6633,8131402,4.54121526142251
"73",6632,6668112,3.2669623059867
"74",6629,5155238,7.09567198177677
"75",6628,7413649,0.790095411176738
"76",6627,1806382,7.45059288537549
"77",6625,1806382,7.45059288537549
"78",6624,6803615,5.3361581920904
"79",6623,1806382,3.99060631938514
"80",6614,1806382,6.75777202072539
"81",6613,6122003,5.69250210614996
"82",6597,5462520,2.882
"83",6596,5462402,2.882
"84",6595,900076,NA
"85",6594,18971591,4.35948275862069
"86",6593,7131456,4.12285223367698
"87",6592,18971591,4.35948275862069
"88",6591,5299937,NA
"89",6590,21672369,4.23795918367347
"90",6589,5299937,NA
"91",6587,16848519,4.45980126467931
"92",6585,14761678,NA
"93",6584,12378216,4.16059675296183
"94",6571,0,NA
"95",6568,12432577,3.62483191393994
"96",6559,6695544,8.78048780487805
"97",6530,9596862,11.0747290359384
"98",6529,8275008,5.22153574580759
"99",6500,14761678,3.92422129242213
"100",6499,12378216,3.51808843233586
"101",6477,6102939,3.14959886739028
"102",6236,20791253,3.3347788378144
"103",6173,0,NA
"104",6143,17044319,21.3954910202522
"105",6142,15435198,6.14598825831703
"106",6071,18425606,4.22993827160494
"107",6029,0,6.78409947249435
"108",6024,7137967,6.9953007518797
"109",5984,6530846,NA
"110",5925,0,NA
"111",5924,5004553,NA
"112",5923,0,NA
"113",5922,5004553,NA
"114",5915,5389510,NA
"115",5913,12072548,6.40420962199313
"116",5766,0,4.65042630937881
"117",5765,6972635,8.68194444444444
"118",5764,0,6.55035405192762
"119",5763,0,NA
"120",5762,0,NA
"121",5760,0,NA
"122",5736,8261147,4.40767386091127
"123",5523,6483197,1.31432303003918
"124",5520,0,4.13703860840051
"125",5519,6483197,3.05826126536186
"126",5109,0,3.62312811980033
"127",5108,6483197,3.27260519247986
"128",4963,6165571,6.12249346120314
"129",4961,6122003,3.68689533861038
"130",4835,0,2.88199341795957
"131",4834,0,3.52432432432432
"132",4832,0,4.15178178618566
"133",4831,5604584,2.66320541760722
"134",4830,5604584,2.66320541760722
"135",4773,0,3.67600172339509
"136",4772,0,NA
"137",4759,0,NA
"138",4757,0,NA
"139",4752,0,NA
"140",4751,0,3.86765346103613
"141",4612,15223653,9.2864
"142",4610,12600050,5.9585843373494
"143",4531,0,NA
"144",4529,10073011,7.26770293609672
"145",4527,0,NA
"146",4525,5004553,4.26183970856102
"147",4450,0,6.9860535243121
"148",4449,0,6.18826739427012
"149",4448,0,15.5227091633466
"150",4446,7249972,4.44734513274336
"151",4347,11334089,3.32461873638344
"152",4341,11334194,2.48652173913043
"153",1464,0,0
"154",4870,0,NA
"155",1396,5812132,3.93226452905812
"156",1376,5812132,3.93226452905812
"157",1375,6282570,3.59443573667712
"158",1360,0,0
"159",1329,285571,6.01286449399657
"160",1328,8578503,6.52545225073622
"161",838,0,2.58454332552693
"162",687,6102939,3.65729121592384
"163",686,1046145,4.09308943089431
"164",671,6483197,3.42870632672332
"165",670,0,5.77246256239601
"166",668,15231395,7.09631619339985
"167",656,13152372,6.34223300970874
"168",616,4523069,NA
"169",615,5242915,2.67118337850045
"170",614,4523069,3.14847715736041
"171",613,5242915,NA
"172",276,0,1.93275563258232
"173",268,12513975,7.80950555768494
"174",6583,14761678,5.37290439510648
"175",267,8027340,4.73863636363636
"176",6796,24590358,3.64949258391881
"177",6795,0,8.80607247796278
"178",6792,25912681,1.84444444444444
"179",6757,40293498,7.40629322268326
"180",6756,0,3.05849701110162
"181",6731,0,NA
"182",6724,0,12
"183",6723,0,0
"184",6719,0,3.33333333333333
"185",6717,0,0
"186",6715,145666,2.00732356857523
"187",6714,0,NA
"188",6712,0,8.35048231511254
"189",275,0,2.38359121986326
"190",6711,5031322,0.0787777512532824
"191",6709,7644709,NA
"192",6688,7108344,1.10912343470483
"193",6609,24551705,5.42073602264685
"194",6608,0,3.82867132867133
"195",6607,0,8.37133550488599
"196",6605,0,1.02564102564103
"197",6600,2735385,4.14584096738732
"198",6576,28188456,4.62535477767266
"199",6575,9097309,6.75196850393701
"200",6560,11766060,5.10031437553587
"201",6557,25531874,13.678042054464
"202",6555,31773789,7.90253521126761
"203",6543,19334888,8.18730865571945
"204",6536,19480257,12.3870779976717
"205",6533,0,4.13612565445026
"206",6532,9319170,3.60641025641026
"207",6528,1445300,3.55787423483584
"208",6527,1445300,5.87101593625498
"209",6526,1445300,NA
"210",6525,0,0
"211",6523,889914,NA
"212",6522,889914,5.70345538937597
"213",6520,0,NA
"214",6519,1445300,NA
"215",6517,0,NA
"216",6516,0,NA
"217",6514,0,6.66564073866816
"218",6512,0,NA
"219",6511,0,NA
"220",6508,0,NA
"221",6505,14761678,3.28317249698432
"222",6504,23044886,2.65935762816553
"223",6503,23044886,3.96263586956522
"224",6498,15512205,5.99064600993861
"225",6497,2548325,0.529472241261138
"226",6493,5849361,0.398833911125118
"227",6491,5849361,1.53416149068323
"228",6487,0,NA
"229",6480,2457698,3.17889908256881
"230",6479,2457698,2.03619047619048
"231",6478,2457698,2.61663286004057
"232",6469,13491384,4.34902864669081
"233",6464,6660643,7.13712255772647
"234",6463,6660643,7.13712255772647
"235",6461,17237797,8.48196721311475
"236",6453,18452810,5.56682192762451
"237",6452,17237797,6.04837640821736
"238",6451,17237797,6.04837640821736
"239",6447,23200889,6.66199649737303
"240",6445,23200889,5.88934010152284
"241",6443,23200889,6.87115127175368
"242",6440,9056893,4.38869863013699
"243",6439,1124629,4.59647495361781
"244",6437,1124629,7.12865497076023
"245",6436,0,NA
"246",6435,0,NA
"247",6434,6709918,NA
"248",6432,41829628,5.95614035087719
"249",6431,6709918,2.11647824597465
"250",6430,0,NA
"251",6427,2325189,0.592966855295069
"252",6426,0,6.6530156366344
"253",6423,23200889,7.18520609824958
"254",6420,11721911,14.658302354399
"255",6419,11696884,4.70257675438596
"256",6418,2819202,9.24587315377932
"257",6416,9239982,7.30919377652051
"258",6415,1390290,12.2433007230966
"259",6414,9239982,7.30919377652051
"260",6413,1390290,12.2433007230966
"261",6411,12287383,7.82482946793997
"262",6408,0,NA
"263",6405,8224318,3.96071320640677
"264",6404,8326759,3.22183304144775
"265",6403,8224318,5.7956116621581
"266",6401,0,6.58008415147265
"267",6400,11604290,6.02237136465324
"268",6399,1525266,1.4537037037037
"269",6397,8666858,1.52103250478011
"270",6395,8666858,5.28878504672897
"271",6394,7875576,2.99445531637312
"272",6393,8666858,3.14734380220515
"273",6390,51354134,3.83087783916513
"274",6389,51354134,8.0260718424102
"275",6377,0,2.64646163033741
"276",6376,0,4.00720720720721
"277",6373,8326583,4.41404580152672
"278",6372,0,4.33828996282528
"279",6367,20277628,2.4651493598862
"280",6366,13504654,2.87867647058824
"281",6361,7644709,5.05428067078553
"282",6359,10196071,NA
"283",6319,13037181,NA
"284",6317,13037181,NA
"285",6304,13037181,NA
"286",6303,16555359,NA
"287",6299,31773184,7.90202702702703
"288",6296,1301,4.26332747510252
"289",6295,1301,4.31903642773208
"290",6285,24551051,5.98112548060119
"291",6283,16555359,4.88963024742841
"292",6281,14005456,3.92076228686058
"293",6280,11607924,4.78854229154169
"294",6277,16169424,4.12233195285123
"295",6276,11607924,3.27508771929825
"296",6272,20277628,3.32590729428674
"297",6271,13828039,6.01883878937616
"298",6268,14950683,21.8281469021587
"299",6267,13504654,8.80441446965052
"300",6265,0,1.82367668097282
"301",6261,2902994,4.94589178356713
"302",6247,3864448,14.6264367816092
"303",6245,19752586,6.28575832305795
"304",6240,20809240,3.34572368421053
"305",6239,45905716,10.6405505558497
"306",1738,0,NA
"307",6238,13723005,NA
"308",6237,13723005,2.9482917820868
"309",6231,0,3.69847328244275
"310",6221,0,4.81761716544325
"311",6216,4762097,2.23459637561779
"312",6215,3861441,NA
"313",6208,336,NA
"314",6207,2369120,NA
"315",6205,0,NA
"316",6195,8666631,3.39734636871508
"317",6188,39883400,5.75475475475475
"318",6185,10682131,4.01917098445596
"319",6168,0,NA
"320",6167,2630902,5.09756097560976
"321",6161,21121863,4.24061302681992
"322",6159,0,NA
"323",6157,0,NA
"324",6156,556316,7.37615894039735
"325",6153,53824203,9.50377358490566
"326",6151,0,NA
"327",6140,0,NA
"328",6139,0,NA
"329",6138,0,NA
"330",6125,10295088,NA
"331",6124,0,NA
"332",6123,24510821,3.6387462847879
"333",1708,0,NA
"334",6118,22661012,7.68771138669673
"335",6116,0,NA
"336",6115,0,NA
"337",1707,0,NA
"338",6114,0,NA
"339",898,5389510,NA
"340",6113,0,NA
"341",6112,0,NA
"342",6111,0,22.7765899122807
"343",6110,0,NA
"344",6109,0,NA
"345",6107,0,NA
"346",6106,58773555,10.8518518518519
"347",897,12072548,6.40420962199313
"348",6105,114726623,NA
"349",6102,0,NA
"350",6100,0,NA
"351",6099,0,NA
"352",6098,23489976,12.9552486187845
"353",6096,17235281,2.07672357899287
"354",6093,0,NA
"355",6091,668109,0.491041162227603
"356",6088,1070309,11.5
"357",1700,0,NA
"358",6086,0,5.09884238646483
"359",6072,13723005,5.81094284318515
"360",6056,0,5.96
"361",6053,0,14.5518058022499
"362",6045,13827861,1.252734375
"363",6043,16677273,5.95887305699482
"364",6040,13069139,8.0194095133953
"365",6027,0,6.66637931034483
"366",6021,14979534,2.31452167928424
"367",6020,3487870,5.5320197044335
"368",6019,21556238,3.41060606060606
"369",6016,24870188,NA
"370",6015,21556238,NA
"371",6014,24870188,NA
"372",465,6505137,2.50746268656716
"373",6012,0,9.68359879466207
"374",6011,0,NA
"375",6010,0,8.77216531261038
"376",6008,110960,NA
"377",5944,11434672,26.6326061997704
"378",5943,13158343,6.92451861360719
"379",5942,11434672,9.06979341150195
"380",5941,13158343,9.68322802986789
"381",5940,11434672,9.02565487442614
"382",5939,13158343,NA
"383",5938,11434672,7.31966971394869
"384",5936,16068702,8.80462341536167
"385",5935,18481984,14.3266331658291
"386",5934,16068702,7.93126258268622
"387",5933,18481984,20.3286264441592
"388",5931,68106498,13.188480502017
"389",5930,0,NA
"390",5918,13664823,8.63570336391437
"391",5909,0,0
"392",5908,1020630,2.37984496124031
"393",5904,0,NA
"394",5903,0,NA
"395",5901,0,NA
"396",5899,4220414,NA
"397",5891,0,NA
"398",5883,7414653,3.97015873015873
"399",5879,7441747,5.09823600973236
"400",5877,9525471,13.6231662591687
"401",5875,0,NA
"402",5872,10316102,4.96359550561798
"403",5871,3296703,NA
"404",5869,6709910,1.81441922563418
"405",5867,11050102,2.56896551724138
"406",5853,13643420,3.44333124608641
"407",5851,13643420,2.58717610891524
"408",5847,0,NA
"409",5824,0,3.0450342976439
"410",5823,0,NA
"411",5813,10648903,6.31645569620253
"412",5812,10660559,NA
"413",5811,10648903,4.27792207792208
"414",5809,10648903,4.27792207792208
"415",5808,10660559,6.37029955385596
"416",5807,10648903,15.7179023508137
"417",5805,10648903,15.7179023508137
"418",5801,3068421,4.1042600896861
"419",5800,247373,3.73835125448029
"420",5797,3068421,4.1042600896861
"421",5789,1762266,7.44604316546763
"422",5787,1762266,8.72241784037559
"423",5786,14761678,15.6339488176223
"424",5784,1446196,7.18181818181818
"425",5783,26580,5.5
"426",5782,15058089,4.41952054794521
"427",5781,26580,4.10382008626001
"428",5780,13629028,6.06476323119777
"429",5779,13431567,16.0154918667699
"430",5778,13629028,6.44778026189716
"431",5776,13629028,6.44778026189716
"432",5775,13431567,5.1743450767841
"433",5774,11397260,17.9844458846403
"434",5773,11041309,13.405885959534
"435",5759,8593949,6.3112
"436",5758,0,NA
"437",5743,34988883,4.3781838316722
"438",5733,0,6.56875753920386
"439",5732,0,NA
"440",5731,0,10.1020910209102
"441",5728,0,NA
"442",5727,8491206,5.40684762492289
"443",5725,8491206,2.51724137931034
"444",5723,8477578,4.25876777251185
"445",5719,10408374,3.74837779379957
"446",5718,8477578,5.00208986415883
"447",5717,10408374,4.55826271186441
"448",5715,163490,6.66666666666667
"449",5714,8189317,4.55826271186441
"450",5679,163490,6.66666666666667
"451",5677,163490,4.76693766937669
"452",5675,163490,9.31783194355356
"453",5672,163490,6.26777020447907
"454",5664,12740216,3.77299801455989
"455",5663,10831396,5.88426083987709
"456",5661,10831396,5.88426083987709
"457",5659,10831396,6.8879904162923
"458",5656,5957867,4.67425810904072
"459",5655,10831396,4.84172661870504
"460",5653,0,NA
"461",5652,0,NA
"462",5651,0,NA
"463",5649,0,NA
"464",5648,0,NA
"465",5647,0,NA
"466",5645,0,NA
"467",5643,0,NA
"468",5641,8583625,1.29767291531997
"469",5640,0,NA
"470",5632,15995031,4.51257071024513
"471",5631,27032338,2.18309388573338
"472",5629,27032338,0.535604395604396
"473",5628,15995031,3.10335195530726
"474",5627,27032338,4.90391983495432
"475",837,0,2.58454332552693
"476",5625,21527141,NA
"477",5624,15995031,NA
"478",5623,21527141,NA
"479",5621,21527141,5.83715319662244
"480",5620,15995031,8.68100056211355
"481",5619,21527141,5.83715319662244
"482",5616,15995031,9.11739130434783
"483",5615,23142294,7.35031126202603
"484",5608,0,NA
"485",5605,0,3.62845477386935
"486",5604,0,5.16485714285714
"487",5603,0,5.58528520253513
"488",5600,0,11.9935442220788
"489",5599,10906276,8.79746087983466
"490",5597,10906276,4.41482843137255
"491",5595,10906276,7.88631578947368
"492",5593,0,7.4654919236417
"493",5591,191951,0
"494",5589,0,12.5709610235049
"495",5588,7068590,6.37160326086957
"496",5587,13997331,3.53701938353988
"497",5585,1121375,6.62068965517241
"498",5584,1121375,6.62068965517241
"499",5583,1121375,NA
"500",5582,1121375,8.88852063874661
"501",5581,1121375,6.88603577611079
"502",5579,11430517,NA
"503",5571,3744887,NA
"504",5568,0,NA
"505",5567,18473150,7.47674418604651
"506",5563,0,5.57554225878833
"507",5560,0,NA
"508",5559,0,8.49968827930175
"509",5557,0,NA
"510",5555,0,NA
"511",5553,0,NA
"512",5552,188510,NA
"513",5551,0,9.20220994475138
"514",5549,23825341,3.48578416386426
"515",5539,24018547,3.63997190024587
"516",5536,16307181,5.0824417872876
"517",5535,22111216,5.85287846481876
"518",5533,19144502,3.83563025210084
"519",5532,2822245,2.38376383763838
"520",5531,19144502,3.83563025210084
"521",5528,2822245,2.74572531715389
"522",5517,8662631,3.73782497253753
"523",5512,18856675,4.89718670076726
"524",5509,0,NA
"525",5508,0,NA
"526",5507,0,NA
"527",5504,0,NA
"528",5503,26440571,13.0004591368228
"529",5501,0,1.73958593165378
"530",5499,0,NA
"531",5498,13571427,6.07401623985009
"532",5496,0,17.7038724373576
"533",5495,0,NA
"534",5494,35378867,6.63570601851852
"535",5493,0,29.7122779103686
"536",5492,37993290,8.37183718371837
"537",5483,-44340,NA
"538",5482,8351207,0.462295081967213
"539",5480,29596059,4.12426666666667
"540",5477,23401792,10.4714706670238
"541",5476,22403878,5.11856661856662
"542",5475,0,NA
"543",5472,32057513,21.5801933977993
"544",5471,0,NA
"545",5469,0,NA
"546",5467,0,NA
"547",5466,0,NA
"548",5465,37519810,5.87961217344465
"549",5463,0,NA
"550",5462,0,7.45038477116241
"551",5461,43640304,9.52274678111588
"552",5460,0,NA
"553",5459,31923411,6.63229189425388
"554",1543,0,8.31965811965812
"555",5458,36185211,8.22215122470713
"556",5457,41083169,6.68042501021659
"557",5456,148257687,12.5166935918148
"558",5455,151048507,14.4496393267433
"559",1542,6973078,7.68254603682946
"560",5454,0,NA
"561",5453,0,8.81870920957215
"562",5451,0,10.1722956436613
"563",5448,0,NA
"564",5445,0,NA
"565",5444,0,7.9412915851272
"566",5443,0,NA
"567",5442,0,13.1025435073628
"568",5440,145203716,12.4757934373319
"569",5439,150234546,9.0519014589811
"570",5435,143268910,12.258231292517
"571",5432,129402475,10.4349206349206
"572",5431,132177944,9.30101919886229
"573",5429,0,8.7778747545276
"574",5428,0,NA
"575",5427,0,NA
"576",5424,0,7.09245578688158
"577",5423,0,NA
"578",5421,135370471,12.7782350251486
"579",5419,103498257,10.1227115289461
"580",5417,139621412,15.6179714823783
"581",5416,150677288,10.5958605664488
"582",5413,126059021,13.0629571577847
"583",5412,125330264,11.2328205128205
"584",5411,137747850,12.4265883609183
"585",5409,147719034,17.1080324657151
"586",5408,145995768,10.1727707006369
"587",5407,141361703,10.6331231148889
"588",5406,160349335,12.5435435435435
"589",5405,161766145,12.8176083379046
"590",5401,21268171,3.55192238591448
"591",5396,0,NA
"592",5395,157757349,15.8970716149609
"593",5392,139435563,13.3448496481126
"594",5391,128618029,12.4395894428152
"595",5389,118743682,11.5775974875687
"596",5388,131811444,11.6785420663195
"597",5387,143225729,11.3315038419319
"598",5386,129139631,10.4251768033946
"599",5384,139518854,8.9792531120332
"600",5382,115896227,8.0839557043523
"601",5381,131545296,10.6174458380844
"602",5380,113140330,10.457528957529
"603",5379,152816489,7.94658517140579
"604",5378,98255643,6.97869471413161
"605",5377,86638740,5.21339950372208
"606",5376,101150938,11.3289919249805
"607",5375,106931094,13.236114837671
"608",5370,177166999,13.5794927733842
"609",5369,111731546,13.9812192118227
"610",5368,114719783,14.0083023189236
"611",5367,121308745,11.6576696953501
"612",5366,142228953,10.3173076923077
"613",5365,149723971,13.2996506315507
"614",5364,124602784,12.1254891729716
"615",5363,139985650,12.1955276793019
"616",5361,121816844,9.25661587810746
"617",5360,154710358,18.5964247020585
"618",5359,0,NA
"619",5357,0,NA
"620",5355,137741979,12.474904528096
"621",5353,154816172,11.9263346257083
"622",5352,0,NA
"623",5347,0,12.0669975186104
"624",5343,104918901,12.9622199062011
"625",5341,0,NA
"626",5339,0,19.1257611861266
"627",5335,152270516,19.4600977198697
"628",5334,115604738,14.9929556794834
"629",5333,150902679,21.8869288606131
"630",5332,129524819,17.2068328716528
"631",5331,147462310,14.5544087289885
"632",5330,165721512,12.8152120916626
"633",5328,167949930,15.1420054200542
"634",5327,165956640,16.2146442279303
"635",5326,144361598,13.2547997155724
"636",5325,146758076,13.6455445544554
"637",5323,38712664,7.88060686015831
"638",5322,108097700,12.4944899689178
"639",5320,18114691,2.28461358860612
"640",5317,107885293,20.8137874210382
"641",5316,18011319,9.81239610543814
"642",5315,57158065,18.9302325581395
"643",5312,69626232,13.9235386221294
"644",5310,89114754,15.3426816239316
"645",5302,59559949,11.8655190962883
"646",5301,77139350,9.23465401785714
"647",5300,0,17.2825955124318
"648",5299,139142237,15.7538686131387
"649",5296,0,NA
"650",5295,0,3.7809997238332
"651",5294,0,NA
"652",5293,5671323,1.38373919874313
"653",5292,17121402,3.48860589812332
"654",5291,8583281,1.49467625899281
"655",5285,8531062,0.272558139534884
"656",5284,6086439,1.84065749748407
"657",5283,6086439,1.2169584620666
"658",5279,147828649,17.3931905546403
"659",5277,127759299,18.2780203784571
"660",5275,137848229,17.8001811047389
"661",5272,0,NA
"662",5271,0,NA
"663",5269,0,NA
"664",5268,0,20.4052379611377
"665",5267,0,11.221359223301
"666",5264,71596578,14.5497090817101
"667",5262,0,1.64988897113249
"668",5261,0,NA
"669",5259,25958225,7.70144927536232
"670",5258,26530491,16.5994318181818
"671",5257,26530491,5.88115942028985
"672",5256,559497,1.99460370994941
"673",5254,12012742,7.73800181104739
"674",5252,559497,1.99460370994941
"675",5251,1929376,5.45097260817785
"676",5247,0,11.2838673412029
"677",5246,0,6.97626914989486
"678",5245,0,9.4774972557629
"679",5243,12309612,3.98055431381314
"680",5242,9596110,0.852957435046987
"681",5236,79657790,11.2497954731388
"682",5232,111237967,15.2137217533351
"683",5224,14248045,4.3574080323996
"684",5221,15168084,2.28795811518325
"685",5220,14248045,3.45659050966608
"686",5219,0,NA
"687",5216,15168084,2.28795811518325
"688",5215,128164664,8.58426966292135
"689",5213,7694545,1.53239436619718
"690",5211,19652386,9.60019175455417
"691",5208,122955492,13.8014768531667
"692",5207,122142347,13.816250358886
"693",5205,126786615,16.4135527049637
"694",5204,0,NA
"695",5203,0,5.49887387387387
"696",5200,0,16.6577106073328
"697",5197,0,7.86871914028464
"698",5195,0,NA
"699",5192,0,12.8136020151134
"700",5189,0,NA
"701",5187,130252195,16.878652936265
"702",5184,95389893,9.86659954694186
"703",5183,127479642,15.8828337874659
"704",5179,0,19.3669123669124
"705",5177,0,21.5999432140829
"706",5176,102011131,14.5199449793673
"707",5175,99503396,11.8330350294042
"708",5173,94924009,19.7077598828697
"709",5172,0,NA
"710",5170,0,19.8598673300166
"711",5169,92057055,13.5310559006211
"712",5168,0,NA
"713",5167,0,NA
"714",5165,0,NA
"715",5163,0,NA
"716",5162,0,NA
"717",5161,0,NA
"718",5160,0,NA
"719",5158,0,NA
"720",5157,0,NA
"721",5156,0,7.74341463414634
"722",5155,0,NA
"723",5145,11991560,5.85179750550257
"724",5144,0,NA
"725",5141,15345698,4.83510791366906
"726",5139,8662442,4.87154824697487
"727",5137,8662442,3.23104812129202
"728",5135,15345698,4.22394881170018
"729",5131,7706006,2.43883394065591
"730",5124,15345698,4.39659294680215
"731",5120,42938773,13.4802784222738
"732",5115,7477456,NA
"733",5112,1028167,2.53947368421053
"734",5111,9335632,2.83293958825515
"735",5107,16630384,6.24869029275809
"736",5105,0,4.99047326367548
"737",5104,16630384,6.24869029275809
"738",5103,17370512,5.1219298245614
"739",5101,0,4.07258330583966
"740",5099,0,NA
"741",5096,0,8.87848251333729
"742",5093,0,NA
"743",5092,17707016,NA
"744",5091,8553596,4.65549936788875
"745",5088,0,4.99047326367548
"746",5087,16630384,6.24869029275809
"747",5071,15165580,5.27054169202678
"748",5067,17710830,3.04561911658219
"749",5065,21385368,4.35390091960842
"750",5064,15680161,NA
"751",5061,14729739,7.18123729305838
"752",5060,15680161,11.1003627569528
"753",5059,14729739,4.82072275550536
"754",5055,27262636,6.6266013564431
"755",5051,0,2.04342544791983
"756",5048,11744828,NA
"757",5047,0,0
"758",5046,11744828,5.61464226289517
"759",5045,0,NA
"760",5042,0,NA
"761",5041,1463044,NA
"762",5040,9300889,9.88582424631174
"763",5039,9300889,4.88455231223352
"764",5038,10174973,1.90678860358776
"765",5037,10174973,3.10863922877271
"766",5035,19751985,5.4144342893161
"767",5034,19751985,5.85957446808511
"768",5029,22641897,6.2190927957308
"769",5028,21874921,6.56359032076533
"770",5027,21874921,4.65178844390095
"771",5025,22660476,5.12762717027109
"772",5024,4220937,10.3846153846154
"773",5023,4153511,4.64591557849985
"774",5021,16849909,0.589939637826962
"775",5019,12411742,6.50998858447489
"776",5016,9050185,NA
"777",5015,0,2.45523520485584
"778",5013,16849909,7.02498656636217
"779",5012,256996,12.0363073459049
"780",5011,4153511,4.64591557849985
"781",5009,9050185,5.37254901960784
"782",5003,10078192,9.62258166825246
"783",5001,0,7.65255220417633
"784",4997,0,NA
"785",4996,0,NA
"786",4992,0,NA
"787",4991,9579908,7.36780821917808
"788",4989,3652229,4.90382876092855
"789",4987,6083716,3.85064220183486
"790",4984,6083716,0.778573254922015
"791",1353,13099574,3.67762733720181
"792",5212,0,NA
"793",415,0,NA
"794",4184,53795831,8.5261180007516
"795",6232,23490113,8.00274473924977
"796",39,32026452,9.26858580212409
"797",4658,0,NA
"798",1343,14983378,12.4028662420382
"799",4144,0,2.03634577603143
"800",1340,11857458,9.96707249584947
"801",38,32026452,9.26858580212409
"802",4066,176460,NA
"803",1264,0,NA
"804",1242,0,NA
"805",1240,34027550,5.42771653543307
"806",1231,33787038,4.71213808463252
"807",1224,23141980,4.62706065318818
"808",1220,10292897,1.70781426953567
"809",1212,11120581,6.31158998252766
"810",1201,10088129,0.810830324909747
"811",1200,0,3.81969949916528
"812",1180,4492604,2.17985318107667
"813",1175,0,NA
"814",1174,4492604,4.05959097320169
"815",1172,0,1.88235294117647
"816",1156,11211186,NA
"817",1154,11211186,6.18410041841004
"818",1150,0,NA
"819",1148,11211186,NA
"820",1146,0,2.33769322235434
"821",1144,0,NA
"822",1142,13702381,2.5594649607444
"823",1140,0,NA
"824",1138,0,NA
"825",1135,9228712,3.29910141206675
"826",1134,10941336,3.18052668052668
"827",1128,0,NA
"828",1120,13997133,2.12232513573938
"829",1112,146098,7.22556624263109
"830",1111,6722392,5.89754535752401
"831",4957,15381818,3.39521307647402
"832",1110,146098,NA
"833",4953,1769323,5.57816862088219
"834",1108,0,NA
"835",1106,0,NA
"836",1104,0,NA
"837",1083,0,NA
"838",4845,1463044,2.75294117647059
"839",1081,0,3.63062283737024
"840",347,5982786,6.62654429932933
"841",4837,7815986,3.63642276422764
"842",1079,0,NA
"843",4829,8397780,5.50819672131148
"844",1076,0,NA
"845",1072,6913656,1.20104098893949
"846",1068,0,NA
"847",1064,9119378,4.52966958867161
"848",1063,10088129,1.17248774509804
"849",31,44289726,9.68192219679634
"850",1060,9119378,1.89250814332248
"851",1058,9119378,1.89250814332248
"852",1057,10088129,3.39916639948702
"853",1056,10607101,2.36788271394477
"854",1055,8075847,2.91975703324808
"855",1054,10607101,NA
"856",1052,10607101,2.44980184940555
"857",1051,8075847,1.5
"858",4717,7277576,4.70138888888889
"859",1050,10607101,2.6281388478582
"860",1049,8075847,0.902699949057565
"861",339,21784545,9.98385565052232
"862",4709,43758499,7.80269320843091
"863",1048,10607101,NA
"864",1047,8075847,1.86199421965318
"865",4701,7090568,7.36933045356372
"866",1044,19340790,5.19180035650624
"867",4689,10216538,3.3489412466448
"868",1041,13918480,11.3130605381166
"869",4677,0,NA
"870",1040,11987760,3.98067104303428
"871",4673,0,18.1183510638298
"872",1039,13918480,9.91682910981157
"873",1038,11987760,3.40233036326251
"874",4665,14586687,16.9562085854221
"875",1037,13918480,5.78791208791209
"876",4661,0,NA
"877",1036,2925948,7.42636786961583
"878",4657,937052,0.830393487109905
"879",1035,13918480,4.98024112525117
"880",4653,12563974,NA
"881",1033,9380466,11.0470183486239
"882",4645,0,NA
"883",1032,10789730,3.07882585751979
"884",1031,9380466,3.58302852962692
"885",4637,14420054,0.156838021338506
"886",1030,10789730,3.07882585751979
"887",1028,17863707,4.41956155143339
"888",1027,3454884,NA
"889",4621,53330402,8.78874484384207
"890",1024,0,NA
"891",1023,0,3.59415305245056
"892",1020,0,NA
"893",4577,0,0.886553618342489
"894",1019,0,7.26101873845342
"895",1018,20611960,1.86295448766845
"896",1017,0,2.31556039173014
"897",1011,5975708,24.1269035532995
"898",1010,0,NA
"899",1006,0,6.51418002466091
"900",692,3704761,3.90292960209882
"901",4465,32402816,NA
"902",998,5528339,2.05862457722661
"903",994,0,NA
"904",993,0,NA
"905",6817,7249894,4.44734513274336
"906",986,0,0.206434782608696
"907",6801,2165347,8.60706401766004
"908",984,0,NA
"909",982,0,8.74810052600818
"910",980,0,NA
"911",978,0,NA
"912",976,0,NA
"913",974,0,NA
"914",972,0,NA
"915",658,6530846,NA
"916",4193,0,NA
"917",970,0,4.82352941176471
"918",969,0,NA
"919",968,0,NA
"920",967,0,NA
"921",966,200409,NA
"922",6561,10347571,19.957225433526
"923",954,8553596,6.52493867538839
"924",952,0,NA
"925",6513,0,NA
"926",948,0,NA
"927",944,0,NA
"928",6465,6660643,7.34035087719298
"929",942,0,NA
"930",6449,9603088,11.332095709571
"931",940,0,NA
"932",6433,963498,8.27219512195122
"933",938,0,NA
"934",6417,11696884,12.5603948896632
"935",936,0,9.69861111111111
"936",932,0,4.1404958677686
"937",927,0,NA
"938",926,5975708,NA
"939",925,0,NA
"940",922,0,NA
"941",6297,55186850,13.2768079800499
"942",921,20611960,NA
"943",920,0,NA
"944",916,0,NA
"945",6241,18425606,2.85635864592864
"946",914,8305224,7.6437587657784
"947",906,0,0
"948",6097,11183990,5.48596043395022
"949",896,0,NA
"950",6089,0,NA
"951",895,145666,NA
"952",6073,18425606,4.79431721798134
"953",893,5820403,2.66635816751504
"954",892,3520583,1.01017501017501
"955",891,3783590,4.04841601912732
"956",890,4258679,1.32515562065178
"957",6041,16677273,11.7573001436094
"958",889,3783590,0.762811537384486
"959",6033,0,5.66243535496004
"960",888,4258679,0.667024320457797
"961",6025,11105632,7.93021411578113
"962",887,3783590,1.45553047404063
"963",6009,110960,NA
"964",885,3783590,1.45553047404063
"965",884,4258679,1.46022031823745
"966",5985,6530846,NA
"967",882,4258679,1.79276517473942
"968",881,5031322,4.6738730450782
"969",880,5973820,1.57142857142857
"970",5937,18481984,7.80886351277868
"971",876,5973820,1.71627188465499
"972",872,10950354,4.54505300353357
"973",5873,5387200,8.90221114917471
"974",868,2321061,2.54020385050963
"975",866,1719997,0.557255676209279
"976",864,3760522,7.59933222036728
"977",863,1100990,4.24643874643875
"978",861,1100990,5.48603568657874
"979",82,1539839,0.581877729257642
"980",858,335286,6.19501899535669
"981",5777,13431567,16.0154918667699
"982",856,335286,3.76901062959935
"983",852,10238038,2.33162496231535
"984",5729,0,5.41355822251054
"985",850,0,2.31556039173014
"986",5713,13317118,5.98068669527897
"987",848,0,NA
"988",847,11744828,6.11992786293959
"989",846,1321658,10.6701225259189
"990",845,11195391,4.41725888324873
"991",844,1118326,10.6701225259189
"992",5617,21527141,7.18500892325996
"993",836,0,NA
"994",4846,0,2.65588235294118
"995",5609,0,6.89200354086751
"996",835,0,NA
"997",4838,7973051,1.87580299785867
"998",5601,0,8.93596059113301
"999",834,0,NA
"1000",5569,0,NA
"1001",830,0,4.2745367192862
"1002",5561,0,5.07932692307692
"1003",829,0,10.7385880351574
"1004",827,0,NA
"1005",5537,24018547,4.14628820960699
"1006",826,0,12.3943975100044
"1007",5529,19144502,3.76655052264808
"1008",825,0,NA
"1009",5521,6483197,2.27424308907416
"1010",824,0,NA
"1011",5505,0,NA
"1012",822,29017777,9.39238042269188
"1013",4734,33787038,6.84161034381428
"1014",5497,0,NA
"1015",821,25500921,6.01698513800425
"1016",820,29017777,9.39238042269188
"1017",5473,5899219,11.4338358458961
"1018",818,9683912,4.92573945877911
"1019",5441,151052732,13.2708500938589
"1020",814,1522308,1.21785714285714
"1021",5433,149498699,13.1246560264172
"1022",813,19751985,5.8344476281439
"1023",1344,12680260,8.02747567258157
"1024",4662,14586687,0
"1025",5425,118420524,13.2646714987141
"1026",812,19333654,9.3410071942446
"1027",5393,126054829,14.3417197452229
"1028",808,42177606,8.50110570544007
"1029",5337,144141405,13.9249298409729
"1030",801,9631710,2.59418127564342
"1031",1320,13275165,8.46059743954481
"1032",4566,0,3.47211895910781
"1033",5329,127370962,11.7374596655911
"1034",800,7141022,0.923970944309927
"1035",5321,16083831,1.45368063420159
"1036",799,1522308,3.22786547700755
"1037",1316,20840850,4.57487775061125
"1038",4550,12916170,2.39480301760268
"1039",798,1522308,3.22786547700755
"1040",797,10292897,1.70781426953567
"1041",74,53912733,6.75801952580195
"1042",4534,6469286,6.66666666666667
"1043",4518,0,2.8154803040774
"1044",794,7202954,0.990561224489796
"1045",4510,5516457,2.77283612726651
"1046",5273,130419737,21.6377523186034
"1047",793,0,NA
"1048",792,0,NA
"1049",4494,26922645,4.97782925215089
"1050",789,0,NA
"1051",6269,13828039,23.788786710175
"1052",73,53912733,6.6039976825029
"1053",5233,61844235,11.7686852154937
"1054",788,0,NA
"1055",5217,0,8.18813070639116
"1056",786,19082202,3.56483027267668
"1057",5209,19156218,4.43171953255426
"1058",785,0,NA
"1059",4438,7624053,2.213719407101
"1060",784,0,3.20024645717807
"1061",4430,4297209,3.85435520361991
"1062",5089,17707016,2.57237059017474
"1063",770,0,NA
"1064",5081,24018194,4.85415325177077
"1065",769,0,NA
"1066",768,11744828,3.19806763285024
"1067",5049,0,NA
"1068",765,0,6.05364806866953
"1069",70,53912733,8.34512061403509
"1070",5084,17370512,7.94409937888199
"1071",407,31118269,NA
"1072",5017,5334459,9.47610180012415
"1073",761,0,5.44345154984641
"1074",1315,13275165,4.18843172331544
"1075",758,0,5.20907450373808
"1076",4222,18258225,5.2036225533158
"1077",4985,0,3.19196692262256
"1078",757,0,NA
"1079",6013,21556238,12.6430167597765
"1080",69,53912733,NA
"1081",1232,336,0
"1082",4214,0,6.25760792639774
"1083",4977,6165571,6.86546521374686
"1084",756,0,NA
"1085",4929,31880550,3.51472471190781
"1086",750,13695102,3.89299908284928
"1087",68,48079546,8.76
"1088",4142,53671692,9.999453850355
"1089",745,5701020,NA
"1090",4865,0,NA
"1091",742,9119378,2.28385590393596
"1092",740,10328894,1.42689912826899
"1093",4833,0,3.52432432432432
"1094",738,12878262,2.41984056687334
"1095",736,15053937,10.132218365415
"1096",4071,0,NA
"1097",734,15053937,4.61020479000347
"1098",733,15053937,2.88865355521936
"1099",5821,0,6.3323254535459
"1100",66,53423244,8.61819187171689
"1101",1184,0,3.99968193384224
"1102",4059,20557309,4.57499274731651
"1103",4769,0,2.87397849462366
"1104",730,12299179,2.27152734129478
"1105",729,12299179,2.54185447520927
"1106",1176,0,NA
"1107",4043,7337935,5.3083109919571
"1108",1255,0,NA
"1109",36,28136133,14.0247981545559
"1110",4753,5081994,1.22072760623662
"1111",728,7000788,1.37980085348506
"1112",4737,11607776,3.33505154639175
"1113",726,7000788,NA
"1114",4031,0,45
"1115",4729,10939207,1.32334207568378
"1116",725,16165106,8.16959727736812
"1117",65,53423244,11.4912676056338
"1118",4721,17860330,9.97676371780515
"1119",724,16165106,4.30137424097156
"1120",1166,0,NA
"1121",4023,0,NA
"1122",4705,8208728,4.34773218142549
"1123",722,10088129,1.23822128110111
"1124",4015,0,7.1396449704142
"1125",4641,0,2.59978843441467
"1126",714,40355420,8.9230543318649
"1127",4633,5261722,2.16373831775701
"1128",713,40355420,10.5436951920169
"1129",1223,146098,4.42871485943775
"1130",5720,8477578,5.00208986415883
"1131",35,49720837,5.71201413427562
"1132",4625,18436023,0.188619331893814
"1133",712,40355420,10.5436951920169
"1134",1219,1522308,1.21785714285714
"1135",710,7551756,6.33570324574961
"1136",1209,0,NA
"1137",4569,0,0.894284770399736
"1138",705,23141980,7.68115942028986
"1139",4561,36453025,9.91323491323491
"1140",704,15994823,7.38235294117647
"1141",698,0,3.87333333333333
"1142",4505,22831668,0.538245745277726
"1143",697,2344877,5.8989898989899
"1144",4497,5043227,14.5372374283896
"1145",696,0,2.38613861386139
"1146",1169,16760330,4.14049936521371
"1147",5437,162499264,11.45384818831
"1148",62,6213376,0.954350490196078
"1149",4401,34885129,15.7893873085339
"1150",684,29355789,NA
"1151",4369,22398642,7.31873840445269
"1152",680,29355789,3.32889963724305
"1153",674,19144199,4.5914373088685
"1154",1143,0,5.25827384815055
"1155",4305,9541525,7.52465753424658
"1156",672,0,NA
"1157",666,0,4.5914373088685
"1158",923,5701020,NA
"1159",6,46334553,23.5483139699632
"1160",665,0,3.70458952811894
"1161",1127,0,3.225
"1162",5336,157253078,16.495960385718
"1163",32,44289726,9.82802547770701
"1164",664,11464300,NA
"1165",1119,13997133,2.12232513573938
"1166",4209,0,10.9721835883171
"1167",660,0,NA
"1168",1105,0,4.70993197278912
"1169",653,1762266,5.94708994708995
"1170",5181,120380097,18.6540637860082
"1171",60,8657626,4.46292834890966
"1172",4145,0,0.753055555555556
"1173",652,14026139,4.15842696629213
"1174",318,28409530,7.20937700706487
"1175",4373,66465028,12.0171614100186
"1176",6932,0,NA
"1177",533,19479275,6.35151515151515
"1178",941,0,NA
"1179",315,55186850,17.8078385492834
"1180",6441,9056893,3.8949263502455
"1181",939,0,NA
"1182",314,55186850,10.933014354067
"1183",4309,3750709,NA
"1184",525,59107373,8.40780658316341
"1185",52,24580818,4.74480198019802
"1186",1767,0,5.79490150637312
"1187",6425,8871765,6.7927132210875
"1188",937,0,NA
"1189",313,55186850,8.5261180007516
"1190",303,25914321,NA
"1191",302,18607012,4.57604867114954
"1192",6169,5748040,NA
"1193",905,14838017,6.4407027818448
"1194",297,16836759,8.10999136193493
"1195",910,0,NA
"1196",1243,0,NA
"1197",100,9470849,3.68978748524203
"1198",1005,0,8.12192262602579
"1199",4457,29082350,2.71961371961372
"1200",296,18895892,8.10999136193493
"1201",281,49369369,7.38803263825929
"1202",878,5973820,1.58069828722003
"1203",1179,4620655,NA
"1204",96,0,NA
"1205",6713,0,4.48634812286689
"1206",973,0,NA
"1207",4201,5428366,2.0394495412844
"1208",871,39556,3.8815331010453
"1209",6791,6861612,28.9685606060606
"1210",280,49369369,7.94578313253012
"1211",855,9824814,5.49856616140926
"1212",272,27576468,1.98608232158721
"1213",264,0,NA
"1214",831,0,NA
"1215",260,0,NA
"1216",5513,0,NA
"1217",823,25500921,6.01698513800425
"1218",6407,13027190,7.70686813186813
"1219",256,14374080,6.39879336349925
"1220",5481,17759178,2.33483907396951
"1221",819,10292897,3.99058454295802
"1222",4710,6709910,4.86239534037131
"1223",6375,0,13.5340314136126
"1224",255,28125890,10.7914906457453
"1225",253,28125890,9.4530529953917
"1226",5385,146930206,11.5534200113058
"1227",807,42938773,8.860270815327
"1228",4614,0,2.56392771905898
"1229",6279,14005456,5.71593200806684
"1230",252,28125890,NA
"1231",5196,0,NA
"1232",414,0,NA
"1233",5129,0,NA
"1234",775,0,4.96822995461422
"1235",6023,11105632,7.79324894514768
"1236",244,17986259,7.19214501510574
"1237",1341,14121753,0.991440080563948
"1238",5164,0,NA
"1239",412,0,7.51050606688369
"1240",5097,0,6.26496259351621
"1241",771,0,6.54637436762226
"1242",243,33986508,12.1344827586207
"1243",242,17986259,4.83812811660913
"1244",5225,15168084,2.0824417872876
"1245",787,0,NA
"1246",4454,33982791,4.11404639175258
"1247",6119,21875521,4.65178844390095
"1248",247,3487870,NA
"1249",3,46711606,NA
"1250",333,4256705,10.888733379986
"1251",4613,0,2.14387114387114
"1252",763,0,5.44345154984641
"1253",1244,0,NA
"1254",4262,50934041,9.59725274725275
"1255",241,22438427,NA
"1256",1339,5812132,5.18755085435313
"1257",4642,51262,6.38721351025332
"1258",5180,0,NA
"1259",413,0,NA
"1260",5113,5016395,NA
"1261",773,5975708,6.8
"1262",6141,0,NA
"1263",71,53912733,6.6039976825029
"1264",27,36572047,NA
"1265",5068,24600199,3.06965681277608
"1266",406,12604605,7.08943320991171
"1267",4068,22011848,2.73664122137405
"1268",240,3487870,NA
"1269",5767,0,3.68632371392723
"1270",236,49369327,7.02709568162574
"1271",735,15053937,3.94283722551412
"1272",234,27576449,6.62878787878788
"1273",1283,0,NA
"1274",4418,29235979,2.76815456362425
"1275",731,12299179,5.67389830508475
"1276",5671,13384769,6.65220030349014
"1277",233,0,1.51728688308261
"1278",4386,21255588,3.95483288166215
"1279",741,10328894,3.70299727520436
"1280",67,53423244,10.8965714285714
"1281",26,30264106,25.7366619115549
"1282",1253,0,4.34063526834611
"1283",727,7000788,1.55218525766471
"1284",232,33986483,1.85
"1285",1245,0,11.8192457737321
"1286",723,16165106,1.23822128110111
"1287",1164,0,NA
"1288",4019,0,1.86649214659686
"1289",5607,0,6.89200354086751
"1290",231,33986483,1.85
"1291",1221,26688691,4.1849593495935
"1292",5511,0,NA
"1293",228,13382163,2.41279669762642
"1294",1235,0,NA
"1295",4226,18258225,3.94749737486874
"1296",4553,15332419,1.94798061389338
"1297",703,0,NA
"1298",5447,0,10.47925368978
"1299",226,6146500,5.38188188188188
"1300",5415,130699819,16.3651010376843
"1301",225,3154346,2.41279669762642
"1302",709,7551756,3.56161272004543
"1303",25,30264106,14.2617771509168
"1304",695,0,NA
"1305",224,31838254,6.69731064763996
"1306",5351,0,7.96975692481628
"1307",223,6146500,5.38188188188188
"1308",5287,12309612,0.621039127645927
"1309",221,0,NA
"1310",1141,0,NA
"1311",5191,14419234,5.33333333333333
"1312",218,0,NA
"1313",663,29355789,NA
"1314",5127,0,1.66569343065693
"1315",216,43900826,4.84557841303767
"1316",1117,0,2.12232513573938
"1317",5095,0,6.26496259351621
"1318",215,40291409,11.0488963397597
"1319",1077,0,NA
"1320",346,18958649,NA
"1321",4821,7973051,5.00645819170632
"1322",210,1301,3.03036303630363
"1323",1061,10088129,1.70627376425856
"1324",208,29078120,7.1268910157456
"1325",1029,9380466,3.58302852962692
"1326",334,4256705,10.888733379986
"1327",610,12576335,3.2093101138647
"1328",4779,7441648,5.16770573566085
"1329",602,11041135,3.60220635950681
"1330",4715,17860330,5.80793893129771
"1331",594,0,NA
"1332",1905,17858950,10.8839541547278
"1333",194,5558412,6.69424054206663
"1334",4879,11765417,6.22372413793103
"1335",193,5558412,6.69424054206663
"1336",1954,20557309,7.68246235606732
"1337",4847,14766595,NA
"1338",192,19341228,11.7682056163732
"1339",1946,34988825,4.37742114001107
"1340",4815,10579450,6.61415723817813
"1341",562,0,NA
"1342",1841,0,NA
"1343",4395,0,3.36363636363636
"1344",184,0,NA
"1345",1882,14654977,6.70116246101503
"1346",909,0,NA
"1347",299,25914321,NA
"1348",924,13695102,NA
"1349",178,53912733,NA
"1350",6622,6803615,9.1251504211793
"1351",1834,0,NA
"1352",6716,0,0
"1353",509,15165580,5.27054169202678
"1354",1729,0,0
"1355",176,44289726,14.6598087510866
"1356",6558,6695544,8.78048780487805
"1357",1818,0,NA
"1358",4303,3750709,4.86886597938144
"1359",6652,15223653,6.43054954565123
"1360",505,30608337,8.6322337962963
"1361",5945,13158343,6.40096481271283
"1362",877,5528339,4.68738898756661
"1363",84,1539839,0.85865504358655
"1364",283,50673881,7.98256779192031
"1365",170,0,NA
"1366",493,3681110,2.69909274193548
"1367",8,37704177,15.1213320145071
"1368",4622,51262,2.54771784232365
"1369",1334,9082349,9.96707249584947
"1370",5516,15345938,4.30188106796117
"1371",434,39239017,6.06781115879828
"1372",1429,0,10.1551724137931
"1373",4488,0,NA
"1374",5004,10078192,9.62258166825246
"1375",402,33240545,10.8357162881974
"1376",4036,9420389,15.6946244757911
"1377",42,32424957,9.28504672897196
"1378",1447,0,NA
"1379",4560,13544926,1.34146859083192
"1380",6488,0,NA
"1381",41,32424957,6.88027777777778
"1382",1415,11502323,6.07230869001297
"1383",4432,21255588,NA
"1384",7,46334553,14.1539568345324
"1385",1078,0,NA
"1386",737,15053937,4.32626369741958
"1387",4825,7959921,4.5060444194546
"1388",370,32122930,6.12230618527848
"1389",37,28136133,14.0247981545559
"1390",589,23655824,3.51686390532544
"1391",56,4923366,10.3629191321499
"1392",1895,7120341,11.8764424430059
"1393",4611,0,2.77978689053923
"1394",943,0,NA
"1395",316,55186850,17.8078385492834
"1396",529,19333733,5.4196634774002
"1397",1775,0,0
"1398",1045,13874513,2.8768644874643
"1399",4693,9960782,3.77607745159275
"1400",300,18607012,4.57604867114954
"1401",6569,0,NA
"1402",955,13563518,3.97509398496241
"1403",322,28409530,6.62416343783022
"1404",4437,7624053,4.71714018108024
"1405",101,9470849,4.59133333333333
"1406",699,2344877,4.85428571428571
"1407",4521,31583321,3.77818778187782
"1408",913,7010069,7.82022471910112
"1409",301,25914321,3.07673034763545
"1410",6409,13027190,13.049203242941
"1411",935,0,NA
"1412",312,0,0
"1413",521,44373564,14.0906086477554
"1414",1759,732809,3.3424047501237
"1415",609,7414578,3.59486679662118
"1416",1935,23161284,NA
"1417",875,5528339,2.0498320268757
"1418",6823,0,NA
"1419",282,49369369,7.26191765980498
"1420",1227,33787038,4.64876712328767
"1421",99,9470849,3.68978748524203
"1422",683,11464300,8.1760989010989
"1423",4393,367435,2.29850746268657
"1424",879,5528339,0
"1425",284,18895892,5.72763347763348
"1426",274,0,NA
"1427",5881,7441747,5.09823600973236
"1428",869,835010,3.82904222451081
"1429",83,1539839,0.85865504358655
"1430",279,49369369,7.34145666020493
"1431",4509,6274478,2.58423716558207
"1432",6017,21556238,NA
"1433",886,4258679,2.2071071626874
"1434",97,10138990,NA
"1435",981,0,12.1931295645118
"1436",5449,0,NA
"1437",815,15718027,6.59738518270198
"1438",1348,12680260,3.87747747747748
"1439",4678,7297677,19.6456173421301
"1440",254,5408834,2.27932370553012
"1441",783,0,NA
"1442",6087,0,NA
"1443",246,22438427,NA
"1444",238,3487870,4.30362204724409
"1445",28,44289726,13.6750675067507
"1446",230,7410224,3.36860391661402
"1447",5319,170197260,10.1969041657182
"1448",222,27576449,6.25147058823529
"1449",4065,0,6.66666666666667
"1450",5159,0,NA
"1451",217,49985349,13.4047795023405
"1452",4345,11334089,3.32461873638344
"1453",677,2821854,4.5193012116089
"1454",24,32843250,8.02848616386327
"1455",4714,5516621,2.69846292947559
"1456",1109,6722392,NA
"1457",4169,0,NA
"1458",655,1762266,6.0733555622916
"1459",5063,14729739,NA
"1460",214,41166021,5.52641824249166
"1461",650,10186276,2.8171686746988
"1462",4225,0,NA
"1463",662,2821854,4.33828873472085
"1464",6055,9452387,11.2271386430678
"1465",245,33986508,11.103609809865
"1466",5735,16309567,6.51072279586974
"1467",235,27576449,NA
"1468",766,0,8.62139917695473
"1469",1229,33787038,5.96634341129492
"1470",229,9734298,2.41279669762642
"1471",5297,0,2.43637916310845
"1472",796,10292897,1.73163064833006
"1473",1310,8578503,6.52545225073622
"1474",4526,0,3.46044021415824
"1475",1149,0,NA
"1476",675,2821854,2.74503311258278
"1477",5223,15168084,NA
"1478",219,41623619,9.85053483665799
"1479",1075,22398037,3.95460358056266
"1480",46,44373522,7.5812482024734
"1481",5586,1121375,3.9233633260937
"1482",1575,5334459,9.26185173401209
"1483",5260,25958225,11.7951293759513
"1484",418,0,3.77208061647896
"1485",1365,18522168,7.20099337748344
"1486",6316,16555359,NA
"1487",484,10295127,NA
"1488",1629,18952228,11.8533781889543
"1489",5644,0,NA
"1490",442,37767699,8.51712521055587
"1491",5130,0,NA
"1492",1461,0,1.81818181818182
"1493",4616,12202154,0.661175979983319
"1494",1034,10789730,2.38383472272563
"1495",4649,0,5.75890162945081
"1496",605,7414578,8.59981656985631
"1497",6852,0,NA
"1498",523,48984033,8.42818280739935
"1499",1763,6660643,NA
"1500",181,0,NA
"1501",6718,0,2.16419919246299
"1502",1858,0,NA
"1503",6812,16848358,4.45980126467931
"1504",518,2630609,4.9228624535316
"1505",1753,2537492,9.95073891625616
"1506",584,0,NA
"1507",1885,14654977,6.60063291139241
"1508",4571,0,NA
"1509",506,19698887,2.27482195224131
"1510",1717,13214253,3.5305209332055
"1511",166,29078120,8.13235294117647
"1512",485,743490,4.65373563218391
"1513",1633,15270668,10.5807419530824
"1514",1213,40355420,8.9230543318649
"1515",5479,16208663,4.21257716049383
"1516",227,2679257,2.78566978193146
"1517",5665,10831396,5.88426083987709
"1518",842,9683912,2.67327975891512
"1519",1,46711291,7.35249150622877
"1520",4206,4169592,0.8278955954323
"1521",1230,18577998,3.85818847209515
"1522",1053,8075847,2.91975703324808
"1523",1107,0,7.32988357050453
"1524",654,14026139,4.12219834203255
"1525",644,23291710,2.74623655913978
"1526",527,0,5.79693486590038
"1527",182,6910403,1.93634408602151
"1528",1866,0,45
"1529",4495,7390352,9.7304469273743
"1530",522,47507540,10.5642068564788
"1531",1761,0,NA
"1532",410,20840850,10.9110350727117
"1533",15,23329734,6.009767687434
"1534",6150,0,NA
"1535",1716,200409,7.01879579483912
"1536",5404,141456282,11.1759029500965
"1537",427,42066830,6.20747889022919
"1538",1401,8531824,5.0924149956408
"1539",1157,0,NA
"1540",679,11464300,NA
"1541",5255,12012742,10.6204585537919
"1542",220,6146500,NA
"1543",1171,8694,1.66666666666667
"1544",4033,0,NA
"1545",1071,0,3.0894901144641
"1546",57,4923366,20.6022904737116
"1547",4797,0,NA
"1548",636,6616495,1.76815547221275
"1549",6515,0,4.31972380666467
"1550",22,32122903,6.02069970845481
"1551",598,1762244,12.0090361445783
"1552",4683,16532100,4.4720344191764
"1553",295,18895892,6.67611580217129
"1554",5761,0,NA
"1555",854,10238038,2.33162496231535
"1556",1131,7108014,1.92078152753108
"1557",93,6910403,2.98894801473598
"1558",6521,15287980,7.6171875
"1559",949,0,NA
"1560",849,20611960,1.86295448766845
"1561",269,31838295,5.19135981443897
"1562",298,18607012,5.21552484563364
"1563",6670,0,0
"1564",12,48277497,11.4843049327354
"1565",331,4256705,18.1993569131833
"1566",4581,52097948,6.3844676180022
"1567",190,10138990,NA
"1568",1930,22011848,2.73664122137405
"1569",559,19410935,4.84192439862543
"1570",6626,6803615,5.3361581920904
"1571",1835,20162349,7.16882401542275
"1572",4371,48283017,10.4926315789474
"1573",867,7644709,1.44304857621441
"1574",278,0,NA
"1575",894,0,2.21821233738984
"1576",1211,27539457,6.03843930635838
"1577",98,10138990,8.05320699708455
"1578",5785,23043753,4.12049433573635
"1579",857,9824814,2.86517857142857
"1580",273,51262,NA
"1581",862,3760522,5.57023759899958
"1582",94,6910403,4.84647435897436
"1583",165,3141324,9.74109589041096
"1584",1730,0,NA
"1585",483,13759327,6.96955365060597
"1586",971,0,NA
"1587",330,4256705,11.851376146789
"1588",4565,0,NA
"1589",1080,16361771,10.0803910917979
"1590",13,23291702,5.70941943127962
"1591",5126,200409,5.64475235849057
"1592",1460,0,NA
"1593",1046,19340790,3.95659722222222
"1594",4697,45954096,6.29572368421053
"1595",14,23329734,4.10157943635801
"1596",1588,22160032,11.4986960301362
"1597",4047,17858950,10.8839541547278
"1598",1178,18272864,2.808
"1599",395,0,NA
"1600",16,23329734,2.44018363489063
"1601",4407,5387200,4.28114842903575
"1602",5916,5389510,4.4915327833261
"1603",459,9115818,9.29338103756708
"1604",5402,19209757,4.39617834394904
"1605",1529,11991560,2.97159887798036
"1606",17,0,5.44345154984641
"1607",6918,219,8.68718274111675
"1608",1908,17858950,23.0348112861854
"1609",161,33652696,7.75553857906799
"1610",1698,0,NA
"1611",1059,10088129,2.23700934579439
"1612",4749,0,5.04633074061549
"1613",450,9097309,7.80859080633007
"1614",4744,8367750,1.01791639017916
"1615",5900,5334755,NA
"1616",458,9115818,8.69269776876268
"1617",466,0,NA
"1618",1557,21302710,4.22269068608662
"1619",53,24580818,6.51471109535626
"1620",4227,0,NA
"1621",163,3141324,9.21874109940188
"1622",6412,9239982,11.3057359307359
"1623",490,36759444,3.31151079136691
"1624",1653,24375026,8.22454751131222
"1625",18,23329734,5.60624824092316
"1626",1972,176460,8.04166666666667
"1627",4919,27578913,1.23439667128988
"1628",491,2661071,3.31151079136691
"1629",5914,12072548,6.40420962199313
"1630",1657,20260612,19.359612724758
"1631",469,27828334,7.17364397524572
"1632",5562,0,5.57554225878833
"1633",1569,18001332,14.3952180028129
"1634",5849,11693316,6.31645569620253
"1635",865,7644709,8.99150579150579
"1636",6743,6846969,15.4448648648649
"1637",277,0,NA
"1638",870,10950354,4.55289951305888
"1639",1163,5990028,4.57909215955983
"1640",4017,7250332,5.3083109919571
"1641",95,6910403,5.43193069306931
"1642",167,0,5.44345154984641
"1643",6270,14950683,6.62842134365496
"1644",1746,0,NA
"1645",498,1026139,0.397959183673469
"1646",6026,20760209,3.06630189893788
"1647",1685,8884844,2.7109783420463
"1648",511,15165580,5.27054169202678
"1649",5053,21151789,5.16066919191919
"1650",59,1360634,NA
"1651",58,4923366,NA
"1652",4867,7552665,3.96574014221073
"1653",526,59107373,8.40780658316341
"1654",1769,0,0
"1655",548,27539457,12.1844690966719
"1656",317,16666386,6.19885057471264
"1657",2,46711606,NA
"1658",183,4592101,1.93634408602151
"1659",531,0,NA
"1660",6402,0,8.06703107019563
"1661",1779,17813384,16.0187116564417
"1662",5309,15914085,1.70325389550871
"1663",61,1360634,7.60997732426304
"1664",564,0,NA
"1665",580,28136143,5.94934834123223
"1666",4539,0,NA
"1667",606,12576335,8.08563619799575
"1668",4747,0,5.04633074061549
"1669",5565,18473150,3.13937621832359
"1670",63,0,10.2776763990268
"1671",596,448146,3.6374269005848
"1672",6922,0,NA
"1673",1909,14499741,17.4570541566057
"1674",4667,0,6.41877880184332
"1675",1043,13874513,2.06316812439261
"1676",4685,0,NA
"1677",64,1301,7.62594752186589
"1678",612,12576335,4.30678376741369
"1679",4795,13316940,NA
"1680",1085,0,NA
"1681",1139,0,NA
"1682",651,20162349,7.16882401542275
"1683",5031,19751985,5.58508371385084
"1684",213,0,2.62203519510329
"1685",4785,7441648,11.0045662100457
"1686",732,12299179,5.67389830508475
"1687",4055,0,NA
"1688",1155,0,NA
"1689",678,29355789,7.27507082152975
"1690",237,22438420,5.721071863581
"1691",4674,1561479,1.96867469879518
"1692",1347,12994643,4.46460866853757
"1693",774,71495676,17.5679110405083
"1694",1228,18577998,3.92813990461049
"1695",4198,5428366,1.34375
"1696",239,22438420,4.90410030498136
"1697",4578,52097948,13.9939335887612
"1698",5185,124884320,19.1716107568617
"1699",782,732809,1.56287425149701
"1700",157,39882449,6.30600426699177
"1701",6044,18093290,5.34592101470164
"1702",467,27828334,6.91531127313517
"1703",5530,2822245,2.38376383763838
"1704",1561,25089175,15.7979797979798
"1705",843,1222826,4.41725888324873
"1706",266,16739389,10.7385844748858
"1707",487,743490,4.19928278688525
"1708",5850,6210871,4.08843771507226
"1709",1641,23146106,10.5436388508892
"1710",54,24580818,6.51471109535626
"1711",1831,0,NA
"1712",482,4761672,4.09683794466403
"1713",159,42669432,NA
"1714",6108,0,NA
"1715",471,21318176,6.53028972783143
"1716",5594,8392238,6.12546125461255
"1717",1577,6181601,9.73922829581994
"1718",5737,8261147,4.96500994035785
"1719",851,1560884,NA
"1720",6631,6668112,7.56697556866049
"1721",270,24635301,4.69172216936251
"1722",5657,10831396,4.84172661870504
"1723",841,15718027,5.49701440112399
"1724",265,10776179,NA
"1725",883,5031322,2.47619047619048
"1726",286,18895892,7.65781370284834
"1727",985,39933491,5.59591150938113
"1728",1084,0,NA
"1729",5410,122554401,11.6506666666667
"1730",118,0,NA
"1731",1074,34176321,3.45608974358974
"1732",635,9470861,3.82876712328767
"1733",1690,22948393,3.7406914893617
"1734",853,1560884,2.65294359818855
"1735",6647,0,8.75824175824176
"1736",271,41623643,9.92999204455052
"1737",1722,0,3.25092402464066
"1738",5464,68887010,10.8422110552764
"1739",33,49720837,8.30275974025974
"1740",319,16666386,4.01722158438576
"1741",4389,4297209,4.85842472582253
"1742",320,28409530,6.62416343783022
"1743",4405,48283017,9.45412388208016
"1744",953,0,NA
"1745",321,16666386,4.01722158438576
"1746",323,0,NA
"1747",324,0,0
"1748",325,7410224,3.36860391661402
"1749",4485,7624053,4.88726364609347
"1750",547,27539457,5.67955477445811
"1751",4275,38036772,10.2912507339988
"1752",326,39952511,7.00927267458708
"1753",549,27539457,16.0813785114393
"1754",1815,14374080,4.88040170419963
"1755",5592,2591488,3.66349809885932
"1756",34,49720837,6.24430700028114
"1757",327,4256705,11.851376146789
"1758",551,42177606,11.1019181219582
"1759",1819,0,NA
"1760",4307,9541525,4.16613138686131
"1761",6729,0,NA
"1762",975,200409,4.48717948717949
"1763",661,0,4.12219834203255
"1764",4217,0,NA
"1765",332,4256705,10.888733379986
"1766",561,0,5.84366035570855
"1767",6642,285571,3.7906976744186
"1768",1839,8718072,5.07352941176471
"1769",4387,21255588,3.95483288166215
"1770",6745,9674401,7.37732978318752
"1771",977,0,NA
"1772",191,19341228,8.74025229357798
"1773",563,0,NA
"1774",4403,44640644,15.3566211495713
"1775",979,13214253,NA
"1776",6793,17980195,4.91569632044714
"1777",983,0,1.09643835616438
"1778",669,6483197,1.91327913279133
"1779",4281,44801450,9.37103174603175
"1780",21,32122903,6.02069970845481
"1781",1165,0,NA
"1782",4021,0,NA
"1783",581,23655824,4.03337169159954
"1784",4547,21121102,3.63756226193964
"1785",343,5982786,7.59984089101034
"1786",1978,0,NA
"1787",583,23655824,4.03337169159954
"1788",6818,20790996,3.3347788378144
"1789",1883,13664604,7.28404890531703
"1790",4563,36453025,9.91323491323491
"1791",344,18958649,NA
"1792",585,23655824,4.03337169159954
"1793",1887,7120341,NA
"1794",4579,0,NA
"1795",6937,0,NA
"1796",1001,0,NA
"1797",345,5982786,6.62654429932933
"1798",4805,20431647,4.03330161750714
"1799",587,23655824,4.47635239567233
"1800",6850,0,NA
"1801",1891,7120341,11.8764424430059
"1802",591,23655824,NA
"1803",1899,11762081,11.7865104315519
"1804",1007,0,NA
"1805",693,2990805,5.66474464579901
"1806",4473,14862459,3.36111111111111
"1807",593,23655824,NA
"1808",1903,11762081,13.1188026192703
"1809",4643,0,3.51726784343822
"1810",349,10139000,4.75414970247416
"1811",4869,13539434,1.40173745173745
"1812",595,4923366,3.6374269005848
"1813",1907,14705249,12.1085867023054
"1814",355,10892859,6.0188679245283
"1815",4965,9318709,3.60589554629926
"1816",607,7414578,8.59981656985631
"1817",158,31275020,NA
"1818",1931,22011848,5.14952996474736
"1819",1042,11987760,4.69949494949495
"1820",4681,8036152,3.5375150060024
"1821",361,0,NA
"1822",1062,9119378,1.79458762886598
"1823",4265,47198606,16.484649122807
"1824",667,2088189,NA
"1825",4,46711606,NA
"1826",461,57470492,12.5431457431457
"1827",5434,145802750,13.8407468423943
"1828",1537,0,NA
"1829",4920,0,NA
"1830",1070,0,NA
"1831",1082,0,NA
"1832",739,12878262,5.79117028731605
"1833",4841,7815986,3.63642276422764
"1834",1086,0,8.79347198151358
"1835",23,32843250,6.10803876852908
"1836",645,30130640,7.51149258073902
"1837",40,32424957,12.5369901547117
"1838",4999,0,7.65255220417633
"1839",212,6616487,NA
"1840",647,1762244,6.67399777282851
"1841",376,27504962,2.93653846153846
"1842",649,20162349,7.16882401542275
"1843",398,0,9.32447112635792
"1844",6744,9674401,4.63090128755365
"1845",43,32424957,16.2859778597786
"1846",5202,0,NA
"1847",1479,155929,1.12903225806452
"1848",4688,9960782,3.19577852554298
"1849",4012,14654977,6.70116246101503
"1850",400,0,NA
"1851",4020,1314524,2.24202626641651
"1852",1202,9119378,4.76959361393324
"1853",401,31118269,NA
"1854",5020,19203369,5.09480481361902
"1855",403,31118269,3.77171361502347
"1856",4044,0,5.71985815602837
"1857",5036,19333654,9.60047522063815
"1858",404,33240545,7.08943320991171
"1859",1218,59107373,5.34775280898876
"1860",5052,0,2.42940226171244
"1861",405,31118269,3.77171361502347
"1862",4060,0,NA
"1863",1222,6722392,5.89754535752401
"1864",1226,18577998,3.07491749174917
"1865",44,47202208,NA
"1866",5100,8855112,NA
"1867",408,33240545,NA
"1868",5116,0,6.41877880184332
"1869",409,13275165,9.80416666666667
"1870",1246,32496525,11.2038238306589
"1871",1250,0,NA
"1872",1254,0,6.33568075117371
"1873",45,47202208,11.2355347749854
"1874",416,0,4.77091012191664
"1875",4200,4169592,45
"1876",1266,0,NA
"1877",417,0,4.52198795180723
"1878",4216,0,NA
"1879",4414,5387200,4.5
"1880",1282,0,4.87107388573138
"1881",5308,33251832,8.16246562786434
"1882",421,7304762,4.59917069799585
"1883",1377,7868875,4.28924108503505
"1884",5324,158622483,15.4773340528872
"1885",422,7304762,4.59917069799585
"1886",5356,0,15.1957013574661
"1887",424,1172988,NA
"1888",5420,0,NA
"1889",428,42066830,11.4117833386126
"1890",4392,18732347,5.64795689268074
"1891",4542,8583281,2.51654287643484
"1892",1314,20840850,5.64506267196576
"1893",4062,0,4
"1894",5436,153922699,11.7839684625493
"1895",429,42066830,17.5024154589372
"1896",4408,18444693,3.39962299717248
"1897",4558,15231993,1.67714588484634
"1898",1318,20840850,5.64506267196576
"1899",342,18958649,8.85714285714286
"1900",4070,0,NA
"1901",5289,119273667,17.7713046172916
"1902",795,10292897,1.73163064833006
"1903",5,46334553,13.1499002564833
"1904",1793,11325179,6.92740402888635
"1905",5452,0,NA
"1906",430,33701023,NA
"1907",1413,11502323,11.1301775147929
"1908",4424,6227588,3.29685264663805
"1909",47,39381427,6.66657110091743
"1910",5468,0,NA
"1911",431,33701023,5.44078567302137
"1912",4440,33982791,NA
"1913",432,33701023,5.44078567302137
"1914",1421,0,0
"1915",5500,29800565,10.9636283961437
"1916",433,33701023,5.44078567302137
"1917",1425,0,1.65116279069767
"1918",4654,0,NA
"1919",1342,13586365,3.91859468723222
"1920",348,0,NA
"1921",4140,27760912,12.4968833481745
"1922",5548,0,4.61053315994798
"1923",436,11425329,5.93236714975845
"1924",4520,19406457,5.95787671232877
"1925",1346,12680260,5.15778505507592
"1926",5564,0,5.57554225878833
"1927",437,11425329,5.63098236775819
"1928",5050,0,NA
"1929",1441,0,NA
"1930",4536,6469286,0.895744387825368
"1931",5580,11430517,4.85104364326376
"1932",438,30130640,7.51149258073902
"1933",5066,17710830,0.447619047619048
"1934",1445,0,NA
"1935",4552,15332419,2.26472491909385
"1936",4702,9058051,5.28853754940711
"1937",1354,12680260,3.87747747747748
"1938",4188,7202954,0.987543597409068
"1939",48,39381427,6.66657110091743
"1940",1639,23146106,10.5436388508892
"1941",5596,8392238,2.36254462836741
"1942",439,23291710,2.96281271129141
"1943",5082,16306954,2.97634322373697
"1944",1449,145666,2.37142857142857
"1945",29,44289726,12.0248429468875
"1946",4568,21475334,0.423408845738943
"1947",440,30130640,8.51712521055587
"1948",5098,6709910,6.57625899280576
"1949",1453,4382899,7.78787878787879
"1950",5660,5957867,5.30984952120383
"1951",443,5544768,4.71887072808321
"1952",4632,0,2.17371225577265
"1953",5676,8775910,4.69856915739269
"1954",444,37767699,5.61985018726592
"1955",4648,0,5.53765323992995
"1956",445,5544768,6.10051107325383
"1957",5178,0,NA
"1958",1473,29355789,3.32889963724305
"1959",446,31772596,12.3367799113737
"1960",1477,155929,4.57391304347826
"1961",4680,10591961,4.58820005989817
"1962",49,39381427,12.3783931998903
"1963",5724,10408374,NA
"1964",447,31772596,NA
"1965",5210,0,11.590506148127
"1966",1481,0,0
"1967",448,31772596,NA
"1968",4712,12940942,9.08424153166421
"1969",449,9097309,8.7432776677045
"1970",5788,14026265,4.15842696629213
"1971",451,9097309,5.70603522956974
"1972",1497,0,20
"1973",453,28186693,10.6547619047619
"1974",1505,0,12.1260663507109
"1975",454,28186693,6.03832528180354
"1976",50,33823411,8.901317715959
"1977",5852,0,NA
"1978",455,12610433,2.8692904337834
"1979",5338,148130759,16.2030801357348
"1980",1513,14766595,10.2926550442984
"1981",30,44289726,12.0248429468875
"1982",4824,7959921,4.5060444194546
"1983",5868,14838236,5.59980651402773
"1984",456,24215484,4.98817891373802
"1985",5354,169361819,12.618431911967
"1986",1517,0,3.23409961685824
"1987",4840,7973051,1.87580299785867
"1988",457,45905716,8.69269776876268
"1989",5932,16068702,13.2748221906117
"1990",460,62420355,9.32037970928508
"1991",5418,0,6.56206482593037
"1992",1533,25778501,13.9274521183981
"1993",4904,7090568,5.29599535693558
"1994",462,57470492,NA
"1995",5450,134868807,12.4912524298806
"1996",1541,0,NA
"1997",51,33823411,NA
"1998",1735,0,7.76754716981132
"1999",463,57470492,NA
"2000",4952,1769323,5.78683385579937
"2001",464,19989138,4.98817891373802
"2002",468,27828334,6.91531127313517
"2003",1565,18225275,22.9352112676056
"2004",6092,69422889,24.8265625
"2005",470,21318176,3.55054229934924
"2006",1573,18001332,10.9332965821389
"2007",486,743490,4.19928278688525
"2008",1637,15270668,7.18873797396718
"2009",488,2630609,1.53784860557769
"2010",5866,13539666,2.60661890139884
"2011",1645,23146106,7.99768048709771
"2012",6396,6246434,4.89886607416488
"2013",489,36759444,7.4423309178744
"2014",5882,12576547,4.30687670402908
"2015",1649,24437323,0
"2016",6444,8871765,10.2529644268775
"2017",492,27236164,2.78898756660746
"2018",1863,0,1.77581863979849
"2019",4483,13004740,1.70065019505852
"2020",6492,9879596,4.8087713640761
"2021",495,27236164,5.96104815864023
"2022",6524,889914,7.29901823281907
"2023",497,0,3.42351679771265
"2024",6556,14767323,3.56615598885794
"2025",499,0,NA
"2026",6042,13069139,9.38261706221937
"2027",1689,8884844,1.22255639097744
"2028",6572,7203185,0.580136540962289
"2029",500,1026139,0.397959183673469
"2030",6058,3861441,NA
"2031",1693,200409,NA
"2032",502,53822861,7.41712038717483
"2033",6090,0,NA
"2034",1701,0,NA
"2035",503,30608337,8.6322337962963
"2036",6636,8275008,5.4548825710754
"2037",504,19698887,2.27482195224131
"2038",507,19698887,4.96399730820996
"2039",6170,15231395,5.73293096944549
"2040",1721,0,3.46181672025723
"2041",508,30608337,9.95191773207337
"2042",1725,0,1.36334984241333
"2043",6732,0,NA
"2044",510,30608337,9.95191773207337
"2045",1733,0,NA
"2046",512,21385368,4.35390091960842
"2047",6250,19889318,1.80263157894737
"2048",1741,10316102,NA
"2049",513,7441648,5.09823600973236
"2050",1743,10316102,3.36672967863894
"2051",514,9525333,2.58951965065502
"2052",6266,20277628,8.6043453401944
"2053",1745,0,3.88421052631579
"2054",179,1539839,0.85865504358655
"2055",4399,47198606,15.7893873085339
"2056",6788,6861612,7.01270078446022
"2057",515,27504962,6.3588785046729
"2058",1747,0,NA
"2059",6820,0,NA
"2060",519,44373564,7.3957805907173
"2061",520,44373564,7.3957805907173
"2062",1757,0,6.76731490958717
"2063",6860,0,NA
"2064",524,59107373,2.80597014925373
"2065",1765,0,NA
"2066",528,36004248,2.36499321573948
"2067",6378,0,10.0684309008287
"2068",1773,0,0
"2069",6940,0,NA
"2070",534,39381471,12.8845936794582
"2071",550,42177606,7.90064371676462
"2072",1817,89288225,10.0622171945701
"2073",553,0,NA
"2074",1823,1026139,NA
"2075",555,0,NA
"2076",556,0,NA
"2077",6602,0,8.67537313432836
"2078",1829,15994823,9.11739130434783
"2079",560,0,1.943763518385
"2080",1970,0,4
"2081",4911,10652814,2.66613316261204
"2082",579,28136143,9.98857486470235
"2083",582,0,NA
"2084",4555,15231993,3.18586992406735
"2085",586,0,NA
"2086",1889,7120341,6.54865181711606
"2087",4587,0,1.66569343065693
"2088",588,0,NA
"2089",6858,0,NA
"2090",1893,4169592,45
"2091",590,0,6.5680313064419
"2092",4619,12202154,2.82504472271914
"2093",592,0,NA
"2094",1901,11762081,14.4817722938867
"2095",4635,0,NA
"2096",597,17580413,7.56420233463035
"2097",6930,0,NA
"2098",1911,16677043,11.7545454545455
"2099",4675,10216538,15.2890326374596
"2100",599,1762244,12.0090361445783
"2101",6946,0,NA
"2102",156,39381427,NA
"2103",1915,18481741,20.3008962868118
"2104",4691,9960782,3.77607745159275
"2105",600,1762244,9.9656687723153
"2106",6954,0,NA
"2107",1917,14499741,17.4570541566057
"2108",4699,8712407,5.24557956777996
"2109",601,12041463,13.2142857142857
"2110",6962,0,NA
"2111",1919,2702304,4.66550852811118
"2112",4707,12940942,7.82203389830508
"2113",603,12041463,13.2142857142857
"2114",4723,7277576,2.72312176165803
"2115",604,11041135,4.46790540540541
"2116",4731,10591961,4.58820005989817
"2117",608,12576335,8.08563619799575
"2118",1933,22461245,2.47424087342204
"2119",611,7414578,8.05703175631886
"2120",4787,9525333,7.03406754772394
"2121",648,10186276,2.8171686746988
"2122",4706,8208728,1.71004136893569
"2123",1355,12994643,4.80667547918044
"2124",4718,17860330,4.69053857350801
"2125",1358,13036804,5.3550333439187
"2126",4738,10195761,6.12291296625222
"2127",1363,18522168,7.20099337748344
"2128",4224,18444693,10.920809764811
"2129",4742,0,4.69932177844763
"2130",1364,20111477,9.4748534402962
"2131",4228,21555871,2.24396665204037
"2132",4750,9139862,2.54651162790698
"2133",1366,20111477,5.18132183908046
"2134",4236,4169592,2.28937007874016
"2135",1367,18522168,11.3342074592075
"2136",4240,4169592,2.28937007874016
"2137",4758,5081994,5.03341985723556
"2138",1368,20111477,5.18132183908046
"2139",4770,0,2.87397849462366
"2140",1371,7868875,3.8401766004415
"2141",1372,25520523,5.08345481049563
"2142",4264,49852487,9.39042253521127
"2143",1374,31118269,5.08345481049563
"2144",4798,0,4.92865497076023
"2145",1378,31118269,5.44920679098247
"2146",4284,44801450,11.7515116613878
"2147",4802,13316940,NA
"2148",1379,7868875,6.97231359649123
"2149",1380,31118269,5.00562851782364
"2150",362,0,NA
"2151",4364,48283017,8.13759213759214
"2152",4368,66465028,3.52597200622084
"2153",1400,13556046,0.991440080563948
"2154",4372,22398642,7.69142857142857
"2155",4894,10347122,6.42670915411356
"2156",1402,13556046,0.991440080563948
"2157",4384,22217742,3.44611277944611
"2158",4902,7090568,5.29599535693558
"2159",1404,13556046,4.67539729252502
"2160",4388,4297209,3.46231979030144
"2161",1406,13556046,NA
"2162",4396,280040,0.173913043478261
"2163",4400,18732347,4.13319755600815
"2164",4918,37195625,5.01981424148607
"2165",1408,19178625,2.61546321525886
"2166",4404,16691133,9.3223889931207
"2167",4926,37195625,7.43276131045242
"2168",1410,19178625,8.78106682297773
"2169",4416,4997109,6.34119106699752
"2170",4934,37195625,5.01981424148607
"2171",1412,20794013,11.4493938539611
"2172",4420,29235979,10.7248073080217
"2173",1414,13099574,5.14045801526718
"2174",366,22718614,20
"2175",4428,21151789,6.10570147341448
"2176",1416,13099574,5.55402750491159
"2177",4436,13004740,6.61197270471464
"2178",4958,15381818,2.95141700404858
"2179",1418,14711871,8.9553415061296
"2180",367,15183100,5.08045640725571
"2181",4444,763740,3.50229925716307
"2182",1420,14711871,16.9106840022612
"2183",4452,24550490,5.04523107177974
"2184",1422,0,0
"2185",368,0,0.808333333333333
"2186",4460,29082350,2.71961371961372
"2187",4978,6122003,5.69250210614996
"2188",1423,0,0
"2189",4982,0,4.07258330583966
"2190",1424,0,0
"2191",4468,14862459,NA
"2192",1426,0,0.972222222222222
"2193",369,0,NA
"2194",4476,32402816,6.0554834523037
"2195",4994,0,NA
"2196",1427,0,1.26785714285714
"2197",4480,34607889,4.8635838150289
"2198",4998,0,NA
"2199",1428,0,0.972222222222222
"2200",1430,0,NA
"2201",1431,0,10.1551724137931
"2202",4496,18732347,3.23916035788025
"2203",5014,0,3.74305555555556
"2204",1432,0,0.222222222222222
"2205",4500,5516621,13.8318098720293
"2206",5018,1123995,7.15697674418605
"2207",1433,0,1.70491803278689
"2208",4504,5516457,3.21212121212121
"2209",5022,9050185,NA
"2210",1434,0,2.078125
"2211",371,32122930,9.19965024774118
"2212",4508,5516457,3.45068445068445
"2213",5026,22660476,7.68573844419391
"2214",1435,0,0
"2215",5030,22641897,7.32027065125458
"2216",1436,0,NA
"2217",5054,26922645,4.97782925215089
"2218",1442,0,NA
"2219",373,27504962,6.3588785046729
"2220",4540,0,NA
"2221",1443,0,0
"2222",4544,8583281,1.95394026628284
"2223",5062,15680161,6.19867358708189
"2224",1444,0,NA
"2225",4548,12916170,2.1010854816825
"2226",5070,24600199,3.14728682170543
"2227",1446,408797,0
"2228",374,27504962,4.51147342995169
"2229",4556,15231993,3.18586992406735
"2230",1448,0,NA
"2231",4564,13544926,2.46361431170406
"2232",5086,17370512,5.1219298245614
"2233",1450,0,1.59103800340329
"2234",375,27504962,NA
"2235",4572,0,12.5648175615544
"2236",5090,0,NA
"2237",1451,0,7.6484375
"2238",4576,0,0.810039074241058
"2239",5094,13563518,0
"2240",1452,0,5.51145038167939
"2241",4580,34482060,7.15970425138632
"2242",1454,14711871,NA
"2243",5106,17707016,2.57237059017474
"2244",1455,0,NA
"2245",4592,12563974,2.01734317343173
"2246",5110,13539434,0.481144343302991
"2247",1456,3762153,7.8125
"2248",4596,4594684,3.8689407540395
"2249",5114,14586687,22.44914004914
"2250",1457,0,NA
"2251",4600,18384045,24.7139917695473
"2252",5118,42938773,11.1879546115799
"2253",1458,5290635,NA
"2254",5122,8662442,2.81516095534787
"2255",1459,0,0
"2256",5134,13214253,12.5745920745921
"2257",9,46395538,9.85140456812812
"2258",1462,0,1.81818181818182
"2259",4620,12332911,3.25059829059829
"2260",1463,0,NA
"2261",4624,52097948,6.45141700404858
"2262",5166,0,NA
"2263",1470,0,3.86706948640483
"2264",4652,14445812,9.14754631134222
"2265",5182,110302337,15.6895746887967
"2266",1474,11464300,8.1760989010989
"2267",5186,109876091,16.9615705931495
"2268",1475,0,3.73684210526316
"2269",5190,0,NA
"2270",1476,723,6.77821011673152
"2271",4676,10591961,12.4150174621653
"2272",5198,20718675,6.32946564885496
"2273",1478,167969,1.68
"2274",4684,10216538,4.0329350043719
"2275",5206,0,NA
"2276",1480,167969,5.51893939393939
"2277",4692,0,NA
"2278",5214,122242592,8.77286983795086
"2279",1482,0,0
"2280",4700,6709910,5.27012127894157
"2281",5218,0,3.95955590800952
"2282",1483,413937,1.91337099811676
"2283",5222,14248045,4.25049701789264
"2284",1484,0,2.84193548387097
"2285",4708,12940942,7.82203389830508
"2286",5266,78963162,15.7794846382557
"2287",1495,0,0
"2288",5270,0,2.8
"2289",1496,0,0
"2290",4756,8367750,3.64467005076142
"2291",1498,0,20
"2292",5282,146290472,16.5346715328467
"2293",1499,0,20
"2294",5286,8531062,2.2402376910017
"2295",1500,0,20
"2296",5290,9596110,0.616911764705882
"2297",1501,2602928,1.81105527638191
"2298",5298,158133254,16.3186325678497
"2299",1503,0,3.95958646616541
"2300",4784,9525333,7.03406754772394
"2301",5314,55173246,16.3510405257393
"2302",1507,0,4.06011730205279
"2303",4800,0,NA
"2304",5318,16922618,1.92641597028784
"2305",1508,0,NA
"2306",1514,16254101,9.94910435029855
"2307",4828,8397780,5.50819672131148
"2308",5346,152250378,13.6826859776169
"2309",1515,15676531,14.7690829214717
"2310",5350,0,NA
"2311",1516,16254101,14.8440608543008
"2312",4836,7815986,3.44382371198014
"2313",5358,0,15.2599551318003
"2314",1518,890092,0
"2315",4844,14766595,13.1695278969957
"2316",5362,140869813,12.4175298804781
"2317",1519,758686,17.3134328358209
"2318",4848,0,NA
"2319",5390,161251837,14.7605999423132
"2320",1526,19410935,3.59057219092796
"2321",4876,8214676,0
"2322",5394,119508503,14.0387356678029
"2323",1527,8718072,5.07352941176471
"2324",4880,0,NA
"2325",1528,0,NA
"2326",4884,11664265,4.88023598820059
"2327",5414,128302949,9.80951094298838
"2328",1532,25778501,NA
"2329",4900,9058051,6.34515031196824
"2330",5422,0,8.95474810521623
"2331",1534,25778501,13.9274521183981
"2332",396,0,8.24626593806922
"2333",4908,10652814,3.46285875070343
"2334",5426,0,NA
"2335",1535,25778501,13.9274521183981
"2336",4912,10652814,3.44859201047806
"2337",5430,145390996,9.45550567731714
"2338",1536,0,NA
"2339",4916,19466289,18.839593335216
"2340",5438,151121623,13.0845147219193
"2341",1538,11425329,4.96116504854369
"2342",397,0,NA
"2343",4924,37195625,7.43276131045242
"2344",5446,136100907,9.81733746130031
"2345",1540,0,NA
"2346",4932,31880550,2.9567861715749
"2347",5470,0,NA
"2348",1546,0,NA
"2349",399,0,NA
"2350",4956,11696347,9.44894087891242
"2351",5474,0,NA
"2352",1547,36004248,9.8298112144266
"2353",4960,15381818,2.95141700404858
"2354",5478,41920970,26.902099970423
"2355",1548,0,NA
"2356",4964,0,4.1151832460733
"2357",1551,0,5.79693486590038
"2358",5502,22051937,2.98200934579439
"2359",1554,1832625,7.87826086956522
"2360",5506,15468746,2.41056795705001
"2361",1555,17813384,6.87998875772906
"2362",5510,0,NA
"2363",1556,1832625,7.45343777197563
"2364",5518,0,2.49236641221374
"2365",1558,25531779,11.1998621640248
"2366",5522,0,5.77246256239601
"2367",1559,21302710,12.2362015769626
"2368",1560,17431409,12.5899159663866
"2369",5534,16307181,4.50410826486225
"2370",1562,17431409,12.5899159663866
"2371",5538,16307181,5.71899736147757
"2372",1563,25089175,15.7979797979798
"2373",1564,16632619,12.6783119060928
"2374",5550,61608897,5.30514820592824
"2375",1566,16286806,12.6783119060928
"2376",5554,0,NA
"2377",1567,18225275,18.0709219858156
"2378",5558,0,4.64022086602732
"2379",1568,16286806,7.5977304964539
"2380",5566,18473150,7.47674418604651
"2381",1570,13921858,5.48421588594705
"2382",5570,13490867,4.10304601425794
"2383",1571,16229936,8.29797278533741
"2384",1572,16286806,21.3072783913905
"2385",5590,2591488,5.73868149324861
"2386",1576,0,NA
"2387",5598,8392238,4.57235621521336
"2388",1578,7082160,16.717835262083
"2389",5602,0,5.73601451466586
"2390",1579,7082160,9.75860185690879
"2391",5606,0,5.97147651006711
"2392",1580,6181601,6.20760869565217
"2393",1581,19263103,6.81203223949338
"2394",1582,6181601,5.28896797153025
"2395",5618,15995031,8.68100056211355
"2396",1583,22282452,11.3101175121811
"2397",5622,15995031,NA
"2398",1584,21190801,6.10094366599943
"2399",5626,15995031,3.17030411449016
"2400",1585,5254898,8.07628062360802
"2401",5630,15995031,3.17030411449016
"2402",1586,5254898,5.61484098939929
"2403",1587,5254898,5.61484098939929
"2404",5642,17121675,2.39730372720063
"2405",1589,22160032,9.86595394736842
"2406",5646,0,NA
"2407",10,46395538,9.85140456812812
"2408",1590,3481810,5.72040153528196
"2409",5650,0,NA
"2410",1591,3481810,3.93037037037037
"2411",5654,5957867,3.88054711246201
"2412",1592,22244921,15.4975872835651
"2413",5658,5957867,4.51558441558442
"2414",1593,21190801,3.24833702882483
"2415",5662,12740216,4.22433192686357
"2416",1594,22282452,5.20599489795918
"2417",1595,13158150,8.92443399000294
"2418",1596,11434535,6.27728830151738
"2419",5674,13384769,13.2340361445783
"2420",1597,13921858,5.48421588594705
"2421",5678,8775910,6.22229617304493
"2422",1598,16229936,8.29797278533741
"2423",5722,10408374,3.74837779379957
"2424",1609,0,11.6023209736768
"2425",5726,10408374,NA
"2426",1610,13921858,1.84947896565033
"2427",5730,0,NA
"2428",1611,16229936,3.87672811059908
"2429",1612,13921858,NA
"2430",1613,16229936,5.27487208641273
"2431",5790,10976808,2.21383014434374
"2432",1626,16670888,7.16638418079096
"2433",1627,12963178,17.0407849172759
"2434",5798,247373,3.73835125448029
"2435",1628,16670888,12.3502051983584
"2436",5806,10660559,6.37029955385596
"2437",1630,13889543,7.99524076147816
"2438",5810,10660559,6.37029955385596
"2439",1631,18952228,5.659628918746
"2440",5814,10660559,4.08843771507226
"2441",1632,13889543,7.99524076147816
"2442",5822,0,3.0450342976439
"2443",1634,13889543,9.33132702780166
"2444",1635,15270668,9.66933409545585
"2445",1636,13889543,9.33132702780166
"2446",1638,29948405,18.37851809305
"2447",1640,29948405,18.37851809305
"2448",5854,0,4.07112718505124
"2449",1642,29948405,18.37851809305
"2450",1643,23146106,7.99768048709771
"2451",1644,29948405,12.2275483684666
"2452",1646,29948405,10.1386051940473
"2453",5874,9186765,5.64321329639889
"2454",1647,23146106,NA
"2455",5878,9525471,5.28934817170111
"2456",1648,29948405,NA
"2457",1650,22663444,4.12671337191593
"2458",5890,0,NA
"2459",1651,24375026,8.22454751131222
"2460",1652,22663444,4.12671337191593
"2461",5902,0,NA
"2462",1654,22663444,6.16509837467921
"2463",1655,24375026,10.8757429946221
"2464",5910,3574256,1.76657060518732
"2465",1656,22663444,10.6452496954933
"2466",1677,22609979,10.1194843827467
"2467",1678,16833798,13.1183657884689
"2468",1679,22609979,9.12157598499062
"2469",1680,16833798,6.85655430711611
"2470",6018,24870188,4.14440433212996
"2471",1683,0,3.59119496855346
"2472",6022,7137967,6.80532971996387
"2473",1684,7337935,2.1658615136876
"2474",1686,7337935,1.4400618716164
"2475",1687,0,NA
"2476",1688,0,0.485714285714286
"2477",1691,8884844,5
"2478",6054,0,14.1882352941176
"2479",1692,0,NA
"2480",1694,200409,NA
"2481",1695,8884844,5
"2482",1696,0,5
"2483",6074,13723005,6.63893456099967
"2484",1697,0,2.44027047332832
"2485",1699,13214253,3.5305209332055
"2486",6094,0,NA
"2487",1702,0,4.1381074168798
"2488",6158,30617429,6.90749267475931
"2489",11,48277497,10.2077168552364
"2490",1718,0,2.07470288624788
"2491",1719,0,1.0791015625
"2492",6166,36760442,8.78351036924633
"2493",1720,0,NA
"2494",1723,0,1.35772749157439
"2495",1724,0,NA
"2496",1726,0,NA
"2497",6194,7875576,4.97748041775457
"2498",1727,0,7.3921568627451
"2499",6198,0,3.70771470160116
"2500",1728,0,7.3921568627451
"2501",1731,0,7.12609238451935
"2502",1732,0,NA
"2503",1734,0,NA
"2504",1736,0,NA
"2505",1742,3296703,NA
"2506",1744,3296703,1.87367491166078
"2507",6278,11607924,NA
"2508",1748,0,NA
"2509",6282,13037181,4.48708048708049
"2510",1749,0,NA
"2511",1750,0,NA
"2512",1751,30834,0.76271186440678
"2513",6294,48080842,10.823495865412
"2514",1752,0,NA
"2515",1754,24332612,4.05015552099533
"2516",6318,16555359,4.88963024742841
"2517",1758,0,NA
"2518",1760,0,2.13418160786582
"2519",1762,0,NA
"2520",1764,6660643,0.0883678990081154
"2521",1766,0,NA
"2522",6358,11607924,4.92905613818631
"2523",1768,0,0
"2524",6374,0,11.2732644017725
"2525",1772,19589371,3.20272572402044
"2526",1774,0,0
"2527",6398,5802145,2.87657961246841
"2528",1778,336,7.38564213564214
"2529",4143,0,NA
"2530",6406,8326759,0
"2531",1780,0,NA
"2532",6410,0,6.94840710459543
"2533",1781,0,NA
"2534",6438,1124629,NA
"2535",1788,0,7.5054704595186
"2536",6442,9056893,3.8949263502455
"2537",1789,0,1.83168316831683
"2538",4187,9631710,2.8408203125
"2539",6446,8871765,7.12675159235669
"2540",1790,0,NA
"2541",4191,19888791,1.41257995735608
"2542",1791,0,1.71611253196931
"2543",6454,18452810,5.56682192762451
"2544",1792,0,1
"2545",6462,17237797,8.48196721311475
"2546",1794,0,NA
"2547",4207,9437131,14.4782196969697
"2548",1795,0,0
"2549",4211,9437131,14.4782196969697
"2550",1796,0,0
"2551",1797,0,55.5
"2552",1800,0,0.588278931750742
"2553",1801,1391951,0
"2554",6494,9879596,4.39788266431407
"2555",1802,1391951,0.384466019417476
"2556",6502,14761678,3.58411925768178
"2557",1804,0,0
"2558",1805,978621,0.861434108527132
"2559",4251,0,NA
"2560",1806,0,1.15116279069767
"2561",6518,0,NA
"2562",1808,0,3.33333333333333
"2563",6542,19334888,5.42296271857473
"2564",1814,27096015,12.1107986501687
"2565",1816,62420355,5.06847795952315
"2566",1820,0,5
"2567",6570,12432426,3.62483191393994
"2568",1821,0,6.43006660323501
"2569",1822,89288225,10.0622171945701
"2570",6582,14190388,4.95640914976262
"2571",1824,0,NA
"2572",6586,12258683,2.77606177606178
"2573",1825,114724881,5.06847795952315
"2574",4331,7218441,3.81747269890796
"2575",1828,0,2.37659574468085
"2576",4343,0,NA
"2577",6606,0,10.6447876447876
"2578",1830,0,NA
"2579",6630,9596862,5.14047909053999
"2580",1836,10186276,2.8171686746988
"2581",4375,48283017,9.1359918200409
"2582",6638,8275008,5.87287801026451
"2583",1838,11991560,2.97159887798036
"2584",4383,0,4.43440860215054
"2585",6646,6973078,4.71844660194175
"2586",1840,114724881,7.84096385542169
"2587",6674,9603088,3.60176991150442
"2588",1847,0,NA
"2589",4419,4997109,3.88251748251748
"2590",1848,8276825,6.90325271059216
"2591",1849,0,1.86649214659686
"2592",1850,8276825,2.24202626641651
"2593",4431,21151789,5.16066919191919
"2594",1851,0,2.63404548587181
"2595",4435,21255588,5.25277940315974
"2596",1852,13550510,2.89757525083612
"2597",4439,13004740,3.24164184045018
"2598",1853,30262549,6.87445255474453
"2599",1854,13550510,1.84635272391505
"2600",4447,1782060,3.404603270745
"2601",1855,30262549,3.12759336099585
"2602",4451,33982791,4.96132764920828
"2603",6710,1719997,3.06008359456635
"2604",1856,0,NA
"2605",195,39882449,2.75998657267539
"2606",4455,24550490,11.8404094010614
"2607",6722,0,0
"2608",1859,8276825,NA
"2609",1860,2993017,3.53872340425532
"2610",4471,32402816,5.49096258932324
"2611",6730,7016481,9.10716591349258
"2612",1861,0,2.65358851674641
"2613",1862,0,2.65358851674641
"2614",4479,0,NA
"2615",6742,27540887,2.52491554054054
"2616",1864,2993017,3.64824120603015
"2617",196,39882449,4.92523056653491
"2618",4487,0,6.89144542772861
"2619",6746,9674401,5.97633782307972
"2620",1865,0,45
"2621",1867,4169592,45
"2622",4499,22831668,10.0010992030778
"2623",6758,43905322,5.57398101619207
"2624",1868,0,5.93692307692308
"2625",4503,6274478,5.56055136199541
"2626",1869,1352462,1.37907869481766
"2627",4507,6709910,1.81420947298199
"2628",1870,7117038,4.15250544662309
"2629",1871,0,0.488802336903603
"2630",1872,9420389,15.6946244757911
"2631",1873,5411262,16.7218738472888
"2632",4523,16360884,3.44398907103825
"2633",6822,736174,NA
"2634",1884,14654977,5.74839650145773
"2635",4567,0,NA
"2636",1886,13664604,7.72937399678973
"2637",4575,34482060,6.47179314976494
"2638",1888,2702304,4.66550852811118
"2639",1890,2993017,3.64824120603015
"2640",4591,14445812,3.72420837589377
"2641",1892,2702304,NA
"2642",4599,24101157,8.29967741935484
"2643",6862,0,NA
"2644",1894,0,NA
"2645",4607,19950656,4.11917467093561
"2646",1900,12755968,8.05658783783784
"2647",1902,12755968,7.39847641371228
"2648",4639,12202154,2.82504472271914
"2649",1904,0,6.33378378378378
"2650",201,10892853,9.85853341985723
"2651",4647,2798355,NA
"2652",1906,14705249,6.04597701149425
"2653",4655,0,NA
"2654",6926,0,NA
"2655",1910,13068807,7.35912531539109
"2656",4671,0,NA
"2657",6934,0,NA
"2658",1912,156944,6.75287958115183
"2659",202,15611426,12.2924901185771
"2660",4679,10216538,5.59439569770733
"2661",6950,0,NA
"2662",1916,16068455,11.9192169837331
"2663",4695,10216538,4.0329350043719
"2664",1918,17858950,23.0348112861854
"2665",4703,7090568,5.51947674418605
"2666",1920,13664604,7.72937399678973
"2667",203,40291409,7.22621423819029
"2668",4711,8208728,NA
"2669",1922,176460,NA
"2670",1932,0,6.66666666666667
"2671",1934,23161284,3.68077703682227
"2672",1936,23161284,7.5329162132753
"2673",1944,110923,2.05555555555556
"2674",206,1462231,NA
"2675",4807,14729739,7.19769357495881
"2676",1945,34988825,7.39099395936299
"2677",160,33652696,8.70829535095716
"2678",1947,34988825,2.29302325581395
"2679",1948,20557309,1.6353366470854
"2680",4823,10055824,NA
"2681",1949,15741052,6.74481546572935
"2682",4827,8397780,5.21869216533004
"2683",1951,20557309,4.57499274731651
"2684",1952,15741052,3.62655601659751
"2685",207,29078120,7.1268910157456
"2686",4839,14766595,10.2926550442984
"2687",1953,15741052,4.76420605416888
"2688",4843,3068213,6.07957559681698
"2689",1956,0,10.1882785956965
"2690",1957,0,5.87206085753804
"2691",1958,22011848,5.14952996474736
"2692",4863,13539434,0.481144343302991
"2693",1960,15183100,4.22070116861436
"2694",1961,22718614,5.63419540229885
"2695",162,33652696,9.67257882882883
"2696",1963,0,NA
"2697",4883,0,10.3016469228547
"2698",1964,0,6.15527230590962
"2699",1965,0,NA
"2700",1966,0,4.03900491400491
"2701",4895,14097274,13.5998817966903
"2702",1973,156944,3.95328511151296
"2703",4923,8870877,6.41487507263219
"2704",1975,176460,4.99064360646442
"2705",4931,31880550,NA
"2706",1977,0,NA
"2707",164,3141324,9.74109589041096
"2708",1979,0,NA
"2709",4010,9420389,15.6946244757911
"2710",1160,8261147,6.54980988593156
"2711",4011,5411262,16.7218738472888
"2712",335,21784545,9.77434312210201
"2713",4014,0,NA
"2714",4016,0,NA
"2715",336,21784545,12.4824797843666
"2716",4022,0,NA
"2717",337,39882471,6.31418522860492
"2718",4030,0,NA
"2719",4032,0,NA
"2720",4034,0,NA
"2721",1173,4629349,4.39842519685039
"2722",4037,5411262,16.7218738472888
"2723",338,39882471,6.31418522860492
"2724",4038,2702304,6.66666666666667
"2725",4054,0,NA
"2726",4056,0,NA
"2727",4057,0,NA
"2728",4058,15741052,6.74481546572935
"2729",4061,0,4.03900491400491
"2730",4069,110923,2.05555555555556
"2731",4141,114724881,11.4959303957339
"2732",4146,0,3.08447937131631
"2733",4189,50673881,11.3668957275172
"2734",4213,0,NA
"2735",4218,0,3.65301003344482
"2736",4220,18444693,14.7536786344909
"2737",4221,0,9.72923479398299
"2738",4223,0,1.85034460124713
"2739",4229,21555871,3.59303997699166
"2740",1236,0,NA
"2741",4230,24869847,2.96672384219554
"2742",1237,0,NA
"2743",4234,5428366,NA
"2744",1238,0,NA
"2745",4238,5428366,3.50616414230363
"2746",1239,21710916,12.4295242329924
"2747",4242,7694545,2.10519438092127
"2748",4243,15168084,2.28795811518325
"2749",1241,0,NA
"2750",4250,0,NA
"2751",4267,44640644,8.85364480720518
"2752",4269,44640644,8.85364480720518
"2753",4272,50934041,6.33698030634573
"2754",1247,19410935,5.97822554436139
"2755",4274,49852487,10.9369217830109
"2756",4276,44801450,NA
"2757",4279,38036772,6.69412822049131
"2758",4282,38036772,7.05079988773505
"2759",4301,0,NA
"2760",4308,3750709,5.35088793631353
"2761",4333,7218441,NA
"2762",4334,41057,2
"2763",4336,41057,2
"2764",4344,20277135,2.55153306243074
"2765",4365,24550490,7.1154949784792
"2766",4366,66465028,13.3167630057803
"2767",681,11464300,NA
"2768",4377,15889651,4.8070044709389
"2769",4381,22217742,2.49982704946385
"2770",4382,18258225,9.05446808510638
"2771",682,29355789,7.23625599097829
"2772",4385,0,4.78370786516854
"2773",4397,44640644,8.85364480720518
"2774",4398,26922645,5.22738386308068
"2775",4402,34885129,7.76634958382878
"2776",4406,18258225,9.05446808510638
"2777",685,11464300,9.89645958583834
"2778",4409,18258225,6.46084686774942
"2779",4410,18444693,5.28744939271255
"2780",4429,24849508,5.76178262263546
"2781",4433,4297209,6.11377436880793
"2782",4434,29082350,3.6738152888274
"2783",4477,14862459,2.84810996563574
"2784",4478,34607889,5.59364873622813
"2785",694,0,NA
"2786",4481,0,NA
"2787",4490,2902523,5.63945578231293
"2788",4493,5043227,4.86725178277564
"2789",4498,7390352,5.25684438040346
"2790",4506,6274478,1.78432748538012
"2791",4522,6709910,1.97106109324759
"2792",372,27504962,NA
"2793",4524,31583321,3.75281690140845
"2794",4528,43758499,6.73991743410607
"2795",1311,285571,6.01286449399657
"2796",4530,21121102,7.66200248756219
"2797",4532,21121102,9.28509532062392
"2798",4535,51350753,8.02665121668598
"2799",4537,6469286,2.56123276561233
"2800",4538,6469286,2.44342014289007
"2801",55,24580818,NA
"2802",4541,8583281,2.51654287643484
"2803",4543,0,2.96236989591673
"2804",702,0,NA
"2805",4545,8583281,6.66666666666667
"2806",4549,12916170,2.1010854816825
"2807",4551,15332419,NA
"2808",1317,13275165,3.55568246716162
"2809",4554,15332419,2.84920634920635
"2810",4557,15231993,NA
"2811",1319,13275165,3.57285300739788
"2812",4562,13544926,2.46361431170406
"2813",1321,20840850,5.11628579693376
"2814",4570,0,NA
"2815",4573,0,NA
"2816",4574,0,NA
"2817",4585,14771034,0.180490261920752
"2818",4586,7706006,2.43883394065591
"2819",4590,14445812,3.28213276836158
"2820",708,7551756,NA
"2821",4593,12563974,3.19670658682635
"2822",4594,12563974,1.25582191780822
"2823",4605,0,2.56581319870177
"2824",200,10892853,9.85853341985723
"2825",4615,0,NA
"2826",4617,12332911,1.41645728643216
"2827",4618,27576468,2.69327731092437
"2828",4623,34482060,2.79839883551674
"2829",1335,12860030,1.33258020786263
"2830",4626,14420054,0.413528867750033
"2831",4628,18436023,0.760778128286015
"2832",1336,9082349,9.96707249584947
"2833",4630,14420054,0.156838021338506
"2834",1337,12860030,1.33258020786263
"2835",4634,0,3.18787241500175
"2836",4636,18436023,0.760778128286015
"2837",1338,6282570,5.128
"2838",4638,12332911,3.25059829059829
"2839",4640,4604587,1.72720277029627
"2840",4644,0,11.0517928286853
"2841",4656,0,NA
"2842",1345,12994643,4.46460866853757
"2843",4666,0,18.3724458204334
"2844",1349,12994643,4.1411730879816
"2845",4682,10216538,4.18585337915235
"2846",1350,11502323,6.11606367583213
"2847",4686,9960782,3.19577852554298
"2848",4687,1771498,23.1241071428571
"2849",1351,13099574,5.10534398034398
"2850",4690,0,2.17761873780091
"2851",1352,11502323,5.80994780472828
"2852",4694,0,NA
"2853",4720,17860330,9.97676371780515
"2854",1359,16554981,7.98452102803738
"2855",4722,7277576,2.72312176165803
"2856",4724,7277576,2.72312176165803
"2857",4730,11088278,2.31329243353783
"2858",4732,10216538,NA
"2859",4735,10195761,2.55325443786982
"2860",4736,11607776,2.74334733893557
"2861",204,1462231,10.1581783885745
"2862",4743,8326363,4.41330891330891
"2863",4748,9139862,2.54651162790698
"2864",1373,7868875,3.8401766004415
"2865",4778,9525333,7.03406754772394
"2866",4781,7441648,11.0045662100457
"2867",4810,10579450,6.61415723817813
"2868",4812,10579450,6.61415723817813
"2869",4818,10579450,6.61415723817813
"2870",4822,10579450,6.29347181008902
"2871",4826,8397780,5.21869216533004
"2872",4842,247373,2.93162393162393
"2873",4861,1028167,2.53947368421053
"2874",4862,8718072,6.05583756345178
"2875",4864,11049979,2.32993890020367
"2876",1395,6282570,3.59443573667712
"2877",4866,7552665,2.83293958825515
"2878",4868,13539434,1.40173745173745
"2879",743,9119378,2.28385590393596
"2880",4873,8209847,3.84335839598997
"2881",1397,13586365,6.73899460380574
"2882",4874,8209847,8.89920424403183
"2883",4877,8214676,4.80143786374529
"2884",1398,14983378,4.48841302434732
"2885",4878,0,NA
"2886",4881,11765417,6.03866279069767
"2887",1399,10360242,3.57617572514785
"2888",4882,0,NA
"2889",4885,11664265,4.00948003447285
"2890",4893,11664265,5.68219866071429
"2891",4896,13059677,6.44614572333685
"2892",746,13695102,3.89299908284928
"2893",4897,13059677,6.80315194766577
"2894",110,0,2.62203519510329
"2895",1403,8531824,5.0924149956408
"2896",4898,16254101,9.44282380396733
"2897",4899,11845922,4.02122710090142
"2898",4901,11845922,5.28134463961236
"2899",4903,9058051,2.65223184543638
"2900",747,5701020,NA
"2901",4905,11845922,8.83
"2902",1405,8531824,2.84861460957179
"2903",4906,11845922,8.83
"2904",4909,10652814,3.46285875070343
"2905",748,13695102,3.89299908284928
"2906",4913,13360455,2.88481481481481
"2907",1407,20698698,13.3426200355661
"2908",4914,11049979,7.58353733170135
"2909",4915,19466289,18.839593335216
"2910",4917,19466289,4.5748031496063
"2911",749,5701020,6.34769230769231
"2912",4921,0,NA
"2913",1409,20698698,10.2118595279217
"2914",4922,37195625,5.33416381189661
"2915",4927,16849909,5.14074074074074
"2916",4928,31880550,3.51472471190781
"2917",1411,20698698,13.3904844792573
"2918",4930,256996,3.95673076923077
"2919",4951,1769323,5.78683385579937
"2920",1417,9218210,21.5809692671395
"2921",4954,11721393,5.45820935893968
"2922",4955,0,NA
"2923",4959,9318709,NA
"2924",1419,9218210,9.13837744533947
"2925",4962,9318709,3.60589554629926
"2926",211,6616487,NA
"2927",4967,0,NA
"2928",755,0,6.51393442622951
"2929",4969,8855112,NA
